{"talk": true, "prefix": "^", "adminrole": 706490532188389416, "freq": 30, "whitelisted": [344959314953371649], "log": true, "lchannel": 788593103840870431, "listmax": 9999, "learn": 20, "phrases": ["I remember using soundtrap, holy dang.", "If I didn\u2019t hold it in", "you're fine dude, it wasn't invalid or anything, just unexpected", "Ew mecha anime", "evangelion <:cringechamp:775864001204584469>", "that's along the lines of the most cursed thing I've ever seen", "I don\u2019t know what that is and that\u2019s probably a good thing", "aimbot", "they do", "Oh that makes sense", "noir u old", "No u", "u won't be using ur hand for ur virgin pecker", "omg", "roy is furry continue", "This mask https://cdn.discordapp.com/attachments/344959314953371649/795725309844258826/image0.jpg", "yall wanna see mark?", "usually at night is when they go nuts and fuck with each other", "im saying it's not really gonna happen for me", "Hey, it's Claude", "Well, the topic got completely overwritten", "why are you all tagging me", "rule 11 rule 11 rule 11 rule 11", "buhlowknee", "I unfortunately don't speak numbers", "ba3mela bil keyboard il inglise fr", "legit", "ngl it do be we tho", "tell die", "and not at all fun", "that's a fantasy for me", "uhhhh", "that was pretty lesbophobic", "but it\u2019s so preeetty i was really into the script", "\ud83d\udc4f", "Yes", "deadass a good anime", "very sad sob story, i\u2019ll shed a tear for you \u2639\ufe0f", "<:smugthink:464296723964231681>", "oh my-", "he wrote the genuis pp song", "i", "It's not your name", "the one with the butter?", "okay I am going to take a nap", "my phone just sucks", "a butter knife will also get most of the gunk out", "your charger has a nicotine addiction and your phone was drowning", "i had it unplugged and it started splitting and burning the plastic because it was so hot", "Scooter ankle", "What is it with you and cock?", "And you never yell at him", "So both of you shut", "yes \ud83d\ude42", "floppy nuts \ud83d\ude06\ud83d\udc4d\ud83c\udffc", "it is", "Eng;ish", "<:sporesonic:681958044367585280> wen text sex", "there are days it gets stale, but things like emotion fluctuate regularly", "\ud83d\ude33", "A broomstick :)", "im not gonna warn yall again", "it doesn't in theory", "whats witch hunt?", "Myspace", "well i make music as a hobby", "in the past I've feared that I've exhausted all the joy I could get out of something, but that never ended up being true", "but it doesn't have to be different", "yes compress it", "u put detune on ur 808's", "there's 3 k's oh no", "U make unoriginal edm", "no", "not cap", "nam", "i never rapped bro", "thats a mean word", "because jokes have meaning", "mhm", "insolence", "By bots, do you mean the customs I posted in the server", "ig he went to the attic", "he said attic dumbass", "wait nam how old r u?", "3 hunnid", "go sit by the alien", "https://cdn.discordapp.com/attachments/344959314953371649/796040372920123433/unknown.png", "<:tf:690099828687896728>", "I've only ever had honey once", "shame", "u gotta do what u gotta do", "yeah i bet you eat handfuls of sugar cubes for fun when youre bored", "same way you eat anything else", "just keep it in the bag", "What about bumblebee", "i wish i screenshotted that pfp deadass", "the lil zip up ones", "\ud83d\ude08", "dawg you said asaiji was weak lmaoo", "weak", "man acloudyskye makes such good music", "Singular/plural...", "also who infyuthsion", "Agreed", "https://cdn.discordapp.com/attachments/344959314953371649/796057205702262784/640.png", "Dam <:happymorning:782497483070111784>", "Prepare to get Aurora'd", "Neutral? 4WD?", "What", "Naa", "You happy?", "welp there always worse then that", "**now**", "How does one simply", "I did", "e https://cdn.discordapp.com/attachments/344959314953371649/796094121609527306/SPOILER_d4cd9283291525173cc601fe.jpeg", "What is this site", "Imagine slapping bonkle images in it", "i think i cried a little", "https://cdn.discordapp.com/attachments/344959314953371649/796102518396026900/c58837e42b85382f4633_small.jpeg", "I didn\u2019t realise you were Vizil with the different nickname lol", "thank you roy", "<:empty:748051613612114020> What did i expect from roy", "Oh you like minor chords?", "\"That red box is a furry somehow and idk how i made it like that\"", "understandable, have a great day", "\"hi lads\"", "i agree", "he is tho", "I'm not kidding", "<:pepehands:737563986584928336>", "indeed", "rip", "Virtue Signaling.", "gumball was better bro", "true tho", "so everything after that, I had already grew up a bit", "bruh who watched franklin", "Yes used to watch that all the time. Grew up as an 80's kid", "still goat", "haha factual", "Lmaooo i remember that dude", "ok", "Tho i did see tv every once in awhile", "but i almost teared up", "idfk", "Tho", "but u cant compare them", "Not rn", "HEY", "this reminds me of the wipe my shoes meme", "hello!", "ok i think i fixed member role", "what headphones do you use", "I use $10 sony headphones", "not always", "a homie has them and i\u2019ve used them for a couple days", "Was a good self bf present", "calm down", "<:happymorning:782497483070111784>", "oh my god", "how about e", "say *everything*", "Im gonna ban you.", "yall forgot", "please no", "<:fullHigh:729029046444359692>", "NOOOO'", "me too", "say it", "where's the dead what??", "shut side ways", "why are you considering it", "it's called being clean", "zed", "there is no beast", "anything but that", "omk", "type of dude to smile when the toilet water hits his ass when he shits", "what\u2019s the point of being in vc when you\u2019re not gonna say anything", "i can smell this", "bought some brown trousers so nobody will be able to tell when I shit myself", "i hope we didn't forget that i'm uncomfortable when someone mentions p//p", "no u", "stop this sorcery", "e", "your parents slap", "im black", "bro my mom beat me with kitchen utensils dawg", "Oh no he stopped <:heavysweat:695730648400527420>", "for what?", "valenbad", "what the difference betweens zerod and sonic", "Hey man!", "<a:Gay:740669910832906351>", "Not gonna tell y'all again", "what he saying", "he is saying a lot of gay things", "thats the only setting i see", "Double jk canceled eatch other out", "<a:cz_thinky:590238461651582996>", "u hoh https://cdn.discordapp.com/attachments/344959314953371649/796435607768793118/unknown.png", "someone give me award", "whats a cpu?", "I can only have 3 tabs open before my ocd starts to go insane", "THAS LITTLE ASF", "THAT MAKES ME MORE WORRIED", "specefic*", "yo im back", "it actually has flavor", "broo", "dudee", "no YOURE ew fred", "i forgot what theyre called but they look like corn", "Yep any mod can quote", "why does it deadass look like that man", "don't know", "Sudoku \ud83d\ude14 \u270a", "physics class was for sleeping", "u damn right", "My what?", "make a bug report", "You can look at the charts fine it's just that one way to get to them a randomly found to be broke this for this week's charts", "oh i see it\u2019s a game", "gotdamn you're fast", "<:monkas:737563930376798319>", "hang on let me do some more calculating", "<:pepegun:737571357541269566>", "this... can't be", "OHHH", "the twist no one won", "bland chords are boring", "Yeah only a few AT artists really seem to understand harmony", "but most of my songs are half assed", "and i don't put effort", "Kakegurui is **MAD**", "SUCH AN ICONIC LINE", "The bot has become self aware", "True, but it's good", "Always hasbeen...", "Wha", "I'm gonna sleep.", "shut up", "everyone wants u to shut up", "vorzl.", "vzl", "and it's organized", "seems like they do given how much they like to parade it <:fullHigh:729029046444359692>", "I am trying to not make my stuff as large as it is, because in the end it just takes up tons of space", "or someone referred me as that", "on audiotool?", "its to good", "bruh", "lowercase >:)", "And then Artemis is a mythological character", "theoretically random would mean theyre both bad", "i forgot", "that's for art", "i got freaked out for a second and then looked over at my cat", "nice", "Why tf would that make you weird i grew up in the 2000's watching mostly vhs tapes", "hah", "<:EZclap:737566655185420348>No", "Those make me laugh", "I have ***nOnE***", "<:EZclap:737566655185420348>", "I don't post hardly ever anymore \ud83d\udc80", "well, it DID before well", "Just kidding go ahead", "{0} I engineered the 808 in the second beat myself!!!", "It\u2019s done now", "*sucks teeth*", "Critics cappin'", "cause it depends on what kinda techno were talking about", "I\u2019m gonna get a volca fm when I get the money", "It\u2019s wierd", "emotes don't exist", "no one has all episodes of hxh", "It's not agism to call someone old, that's just saying they're old", "Jet loves the word chad<:EZclap:737566655185420348>", "i can't do rlly bitter tea", "i love bitter tea", "Oh", "Prett cool guy actually, he gave me a voucher for $100 of wine", "When you unwrap new producing headphones \ud83e\udd74 \ud83e\udd74", "When andre aint wet from the quasar, but wet from u", "Whats Gibby thinking about?", "This seems to fit any context", "OMG I forgot about <:bigplay:559528452902879233>", "<:cozypoggers:792905466506248213>", "I asked her", "I just discovered these today", "But still", "I had to rummage in the darkness", "at least ep 1 is", "(for those who play DnD that is)", "I think I know what your problem is.... You need to turn the feedback down on the reverb my guy <:superwheeze:464314501156700162> <:at_reverb:713165975704305745>", "True as well", "pain", "#cancelro- Oh wait nevermind", "and u know irt", "carrot slices dipped in barbecue sauce", "yesir", "tardemis", "ur not wrong", "Good response", "its hard for anything that\u2019s way out of left field to be super popular with so many judges", "can i do a top 100", "atday prod badspeak", "step 3, non judges judge the judge's decision", "yeah i was a little disappointed there wasn\u2019t any feedback/judges notes this year", "is anyone able to access audiotool", "We thought about doing just that, but trill figured it would be nice if we just left a comment on our favourite tracks explaining why we liked them so much and I kind of agreed. Now I don\u2019t know if every judge is going to do that but I definitely will be doing it very soon", "crazy", "\u201cnot necessarily a problem\u201d as in an inevitable fact of judging something like this", "Please don't ever let Vulkron judge ATDay.", "I love neuro", "hey lads how are we doing", "\ud83d\ude2e\ud83d\udca6\ud83d\udd25", "Oh crap These download sizes", "yo ag.", "what DAW would you use it in", "with its delay", "so come is vizil", "that guy", "That is so insane to me", "Ew yeah", "wow gr8 joke knuckle", "Mircode is an industrial saint", "masochism <:fullHigh:729029046444359692>", "so wholesome", "<:ArthurFist:604719993321422879>", "any cbt enjoyers in the chat <:fullMed:729029009459118081>", "solda", "Shit", "nah. they're pretty justified", "Cheaper than Ableton", "but I am sorry to hear about this \ud83d\udc9f", "Oh fluent is here", "shush you", "anyone wanna VC", "I'm a Vocalist?", "Its still limited lol", "factual joe", "bluetooth? we just got an alexa", "I think I'm a bot", "<:okay:703736725184446495>", "but here's the catch...", "I'm not interesting or funny in any way", "I hated the fact u had to collect characters", "oh my goodness", "There's some server communication issue going on, I think. Are you in the US?", "fuck I'm out of stupid things to say", "i hate you all", "Joa?", "there are a few", "If there are earthquakes on other planets, are they still considered *earth*quakes?", "<:you:594617627708751872>", "Cripta? Sandy?", "Then...just look at them", "bars", "blueguy", "you missed out on revenue1 \ud83d\ude14", "\ud83d\ude21", "calm yourself", "im in the sTuDiO", "bruh someone made a PS3 port of mario 64", "or emulate audiotool", "Notifs are kinda fixed!", "when there are no currently know issues <:PauseChamp:786812056560467979>", "https://cdn.discordapp.com/attachments/344959314953371649/797700167423229972/image0.jpg", "I got this activated charcoal powder stuff today, trying to whiten my teeth", "it's nice", "\ud83d\udd28", "something along those lines", "Whoa", "Or have shit to make", "for dinner", "make me not hungry", "I wouldn't know", "might find a couple of crumbs on the ground", "Fuck them, theyre scary", "Irl", "https://cdn.discordapp.com/attachments/344959314953371649/797729594114965544/2463.jpg", "rei slide rei slide", "*strums guitar*", "Quote as in <#328701300617248768>", "Trap is ___", "alright", "fr", "fr this bot has been hyper aware lately", "super scary", "Go ahead", "mosty crazy too", "my cat flees (understandable) and i submit to his reign over my sleep sscedule.", "bottle of scam", "huh?", "https://cdn.discordapp.com/attachments/344959314953371649/798214829973438474/tenor.png", "<:kekw:798212653130317856>", "emote", "thanks", "someone was about to say something about the pope", "i just hit my bed so hard holy shit", "come google", "\ud83d\ude22", "if just be nice, and not be stupid it could work <:happymorning:782497483070111784>", "an organ", "thats dangerous", "fine", "the thing is", "roy the pic isnt loading but i already know you trolled me", "gross", "this emoji is ass", "furry", "even if you were a furry, it's none of my business lol", "what the frick is wrong with you???!!!?", "insta is trash to me", "Whoever lol", "Whats up", "I don't, no.", "eating a burger with no honey mustard", "just me speaking on this, its what id do \ud83e\udd37\u200d\u2642\ufe0f", "we just dont know bc its private", "ok ok imma going to sleep", "OH FUCK", "ITS SENTIENT", "i know what i'm going to write about lmao the problem is doing the writing", "all good", "Ohh", "i just feel like +0.01dB should be clipping", "I can play it just fine \ud83e\udd37\u200d\u2642\ufe0f", "Maybe like some months ago they happened every once in awhile in 2020. Hasn't happened yet in 2021 tho", "oh", "lemme catch up \u2026", "I'm not a dev, but I'm a mod.", "Ah hahaha", "I lurk a lot, but respond to pings \ud83d\ude42", "he's a mod of AT", "of*", "i dont think i have seen a guy use a gut knife in real life", "Wanna see me speedrun", "I never had to worry about zoom lol", "<:empty:748051613612114020>", "oh no", "provolone sand witch \ud83e\udd23\ud83d\ude1d\ud83d\udc4d\ud83c\udffc", "Into coming", "why are you coming", "no come", "Stronzo", "I have the keyboard upside down", "bout feet??", "I don't watch henty cuz its weird", "um how lol I love my mom to death.... unless you talking about some creepy love", "The child just sucked", "you're fine roy", "<:maruoGun:585867014950748233>", "diarrhea", "hi", "mmm fart", "I have been super tired lately, feeling fatigued", "Excuse?", "I fell asleep around 9 last night, woke up at 7 this morning, fell asleep again later around 2 ish and woke up at 4", "Rude.", "thank you roy very cool", "I just want my slab", "{0} has let the staff know she wants to be referred to by she/her pronouns. She's rolling with Marine as a name!", "it's not a spoiler boi", "i had to use it because i was doing exactly that", "i just saw your voice feminization thing", "for fucking real", "lifesign of the new engine: Hello TB-303 https://cdn.discordapp.com/attachments/344959314953371649/798952000879853578/tb303-processor.wav", "\ud83e\udddf\u200d\u2642\ufe0f", "murkoden was right tbh", "<:oniontool:569555272683618307>", "SID SHUT UP CHALLENGE (IMPOSSIBLE)", "Time flies", "\ud83d\udeab se", "She\u2019s watching...", "That's amoreeeeee", "woweee", ">reddit <:cringechamp:775864001204584469>", "Might go", "shreik", "This man really said", "Yessss", "F in the chat for Clifford", "I lost a lot of oxygen reading that", "Oh dang", "\ud83c\udf2c\ufe0f \u26a1", "Call of duty level?", "shut", "Wasen't", "fuckin google it", "You ever had dreams inside dreams", "It was a nightmare too \ud83d\ude2b", "thats just being grumpy chief", "doodoo", "NO", "my steam libabry has a LOT more", "But my laptop is like hehoo can\u2019t connect", "I am laptop", "probably not", "idk how to see if there are any updates I need to install", "so sure", "ok sonic are you sure", "what", "and oof there's no MW2 servers active rn", "he agreed to the tos when he joined, any breach of that will result in a punishement", "wait fr", "nevermind", "<:upset:682757112614748170>", "Vagus*", "it was wild", "don't be picky", "no I legit thought you meant it was yours", "<:gremblo:646925440878903316>", "Bro", "I play roblox", "\u2800", "https://cdn.discordapp.com/attachments/344959314953371649/799333746620760064/levelup.png", "Did you set it to all?", "yes", "these all suck", "Looks like this https://cdn.discordapp.com/attachments/344959314953371649/799340126957994064/unknown.png", "gg", "<:woaj:479128674067546113>", "Audiotool down?", "mmfff yes such a fine texture https://cdn.discordapp.com/attachments/344959314953371649/799397184617316362/iu.png", "most of AT are 12 y/0", "lol its a discord server", "He knows", "that sounds really good tbh", "It\u2019s like the whole grain flatbread thing all over again syn", "yes yes!! i was just doing a quick reply :) ill mosey over there and write how it went", "sorry for interrupting, do c onversate abt bread", "quiznos is literally subway that gives you less food and costs more", "I could break the rules and make my essay about sandwiches <:fullLow:729028897957609473>", "have not heard of kewpee", "it's pretty local afaik", "What part of Michigan??? I lived roughly 20 minutes away from Kalamazoo", "the fries are mid", "five guys cajun fries are just way too good", "everything from mcd is the absolute worst", "what's wrong with onion rings tj", "fucking delicious", "same sid", "it does make your breathing like", "well i might try it then", "no no i like onions", "i fit the definition", "FUCK WAIT", "I'd rather not have the tomato but I'm not picky enough to ask for a burger without it", "all the burgers I get from restaurants are fresh though except for sometimes mcdonalds", "no salt please", "I actually don't add the salt at all because I genuinely like fries more without it", "honestly fake coconut tastes better to me", "I drink coke", "or grape", "I prefered strawberry chips more", "i still don't like a lot of it", "Wym it's good dude", "it's ok", "people that use ketchup on everything disgust it's just not that versatile of a condiment", "soooo what we doing with {0} boys?", "lame ass", "bbq pizza is good but I can only handle a couple slices of it", "i can see bbq pizza", "syn", "fr? I didn't know it was that hot of debate", "It's the best", "U on some other shit tonight", "Nooo", "yeah", "o yeah", "They are p good ngl", "how do you feel about ryan reynolds owning mint", "roy istg", "we all saw that syn", "every banana", "Research", "but essay is finished so that's cool", "Man, i would love to eat my addiction", "also im tired of this cat pfp", "Crop this and use it as a pfp lol https://cdn.discordapp.com/attachments/344959314953371649/799683695535194132/20210115_105705.jpg", "my voice is kinda sore rn", "Joe is on it too i think", "Bit of a shit game only thing that saved it for me was the enemies", "https://cdn.discordapp.com/attachments/344959314953371649/799706954946838528/horney.mp4", "stop ur going to make me act up", "Who twerks these days?", "It's just plain bland", "say sum dumb", "who the hell shits outside at the forest?", "nice dog", "i think so yes noir", "I'm not lovin it", "matter the fact", "We WERE going to roll out an AT server, but sonic couldn't get it to run on his PC, sadly", "assuming the update doesnt get delayed", "fug", "yoyo I've got just the yt channel for you", "not nice", "might as well be instant death", "idk that was pretty good", "tomatos are fruit i think", "that's a whole thing", "hot cereal makes me feel wrong", "Oh no", "noir I'm surprised you have this terrible take", "Sausage roll, straight up", "This... looks like a donut", "and vodka isnt even russian", "beer has flavour", "Guinness Stout??", "actuall dog ass", "you missed the second question lead", "literal cheese slices strapped to the bottle", "that is fucking gross", "maybe I will", "i hate mosquitos", "maybe but I'm not actually noticing a discernible difference", "I simply have no idea how the waveshaper works", "I shape the size of my drumstick", "so I wouldn't know", "I do that sometimes", "the one thing that always bugs me and most people are guilty of this", "Same", "I'm not getting the exact right sound for them but I was never that good at dnb snares", "what are we talking about", "Literally I cringe when I hear trap kids use that one snare", "and it sounds pretty cool", "smort", "automating is hard for me", "WHAT THE FUCK", "get it away from me", "lowkey disappointed", "compressor or gate?", "it's digital anyway <:sporesonic:681958044367585280>", "trill-pix", "i said some slighty dumb shit on his wall", "trill-pix was the second at drama and the first personal drama for a lot of people", "But you can't just sell the original thing for revenue if it ain't yours", "I think it falls into our ignorance more than a loophole but yes it does suck", "and we didn't use them out of ignorance", "took me 5 just to get good at arranging lmao", "I'm only good at playing recorder : (", "oh my fucking god", "anyone having issues with the sample library rn?", "nope", "servers might be taking a shit rn", "seems like a bug on my end, it's working again now", "Please don't take my guess seriously", "hru guys", "u tell me chief https://cdn.discordapp.com/attachments/344959314953371649/799853186348482570/7067209-1217323918-c5c2b.jpg", "literally have images of Rangiku Matsumoto in my camera roll", "oh really?", "ew", "betttttt", "thats without running the water", "to save humanity from shit like mambo no 9", "i think hair is dope", "so no hair", "honestly blonde guys are also hot", "is it a dangly hoop? <:pepesus:768715621244207114>", "hehe", "but id def say im pansexual in a heterosexual way", "omw", "noooooo", "things get scary quick", "i black out and become somebody comoletely different", "from a movie", "Fair enough", "that's what scrolling through reddit is like for me", "brute force", "lol YEET", "GN everyone boitta pass oit", "yeah doesnt count", "cots are cool if you get a good one", "holy shit https://cdn.discordapp.com/attachments/344959314953371649/799889586712084481/unknown.png", "use a knife to poke a hole and move around the edge", "THIS IS COMEDY \ud83d\ude02\ud83d\ude02", "I REALLY want this can", "ayee heyo joe", "TIN FOIL FORK", "take the hammer", "oops caps sorry", "DOORDASH", "ARE YOU", "DUMB", "that can aint worth it", "my diaphragm is going to explode", "thank fuck", "french uses the same letters as english", "What i miss", "gun is the only remaining option", "but it aint gonna be open", "my god", "The hammer is stuck", "Get him outta here", "dude that looks like diarrhea spaghetti", "thank you", "{0} slow", "https://cdn.discordapp.com/attachments/344959314953371649/799910618466746368/image0.jpg", "who's down?", "ur mom be hitting deez nutz", "I'm changing my bloody character", "Hi", "GUYS", "yes there are", "Why is life without a can one per so hard", "\ud83d\udc94", "take it easy", "mhm okay", "haven't done a collab in like 3 years but that sounds about right", "i did nothing wrong", "Guys", "There is actually a bit of people from Audiotool form ohio", "all I know is kib", "Move a muscle, it breaks and you get frost watered to death", "I meant the gold ball.", "Yeah, hold on", "funijok", "I went to go see a psychic last week", "I got great piano", "Canadian deez nuts", "She's drunk", "destroyed", "SHUT THE FUCK UP!!!!!!", "shut up and eat ass", "<@!719741877548482610>", "<@!719741877548482610> You said you wanted me to ping you randomly?", "united nation?", "they did it", "fred was like .....", "so i deleted it", "we at the combination pizza hut and taco bell", "I'm pretty", "its literally 2 am", "ye tell us", "this bot has dark humor", "kurp", "they were once best friends. allies", "hes changing the subject", "SONIC", "OH NO", "no way, you stream?", "<#507376164302749706>", "Sonic, you evil", "ok nerd", "o", "I got jumped", "They got jumped", "sounds great.", "Hi fourth, how are you buddy?", "yo", "Joe i seriously just got out of the shower lmao", "like jack stauber", "whats funny is that the servers were active today, just got done playing on them", "Roy please stop", "NOT BANANA", "I will not say that single letter", "nah he's a pop tarts salesman", "Yes, let's get mathematical in the general chat", "simping for vampire lady, are we? \ud83d\udc40 lol im simping for Rangiku", "my fav anime is caillou", "what's ur fav manga? mines the orange one", "i dont tho", "i sharted in my car b", "I made a shart rap", "don't forget", "ngl that chicken do be looking good", "I once dated a goth girl. I really did, it really happened. Like, long, black hair. It was crazy. Put a twirly on it, but she didn't like that. I did it anyway 'cause it's cute. And she may have like- I don't know. Maybe it was not okay for me to do it, but we went to this park one time and it was supposed to me super romantic, super cute, and we sit down with on the blanket and like, eat gatorade, whatever, it was gonna be fantastic. She put her hand to my forehead, like, just, boom! Hand on my forehead! She read my aura, and you know what the aura told her? It was my aura was not compatible with her and it was mostly not compatible with her ex's. And, so, I was confused, I was scared, I was worried this girl's gonna like, knife me in the face? I don't know what goth girls do. And she told me that her ex is an archangel. I don't- I don't know what an archangel is. It honestly sounds like a Magic: The Gathering card, that's all I know. And she told me that her ex is gonna kill me 'cause he didn't like my aura. Now, to this day- its been years- that guy still might not like my aura.", "ikr", "you know who i like..", "that dude", "Yes.", "to let u know", "yeah it's pretty bad", "i can't get the shot he takes for them yet because you have to be 18+", "got a flat tire today \ud83d\ude0e", "tj is younger than I thought", "even compared to other daws", "Dunno what the point of the stompbox would be over the other one but hey", "True", "Dm me", "who eats sugar raw?", "so that means coke is healthy", "i\u2019m not arguing i just don\u2019t think the logic is clear", "that feels too black and white", "okay", "it's not a car...", "it's a gaming mouse lol", "bro do u like sicko mode?", "ok i never said that", "i like him as both", "have u even listened to pick up the phone", "no my humor is", "Me. ^", "But ok.", "about going to school", "well i do sense something", "let be honest", "https://cdn.discordapp.com/attachments/344959314953371649/801217588465631242/Screenshot_20210119-163202.png", "I bet its okd", "LMAO GET FUCKED LOSER", "gottem", "lol sex", "roy why", "No not really", "Bruh", "Hah", "https://www.reddit.com/r/TheLetterH/", "too many", "Music made when the producer is either tired or depressed, basically", "I really like making tracks based around pictures I take", "sure buddy", "using samples is not real music?", "oh wait i thought you were asking", "alergy", "wanye kest", "I honesty don't know", "ping them its fine", "Everything", "Which isn't cold to some, but it's cold as fuck for Texas", ">lead<:PepeWrite:750120178012127243>", "man saying he can fight 2 v 1", "what?", "what does that mean", "He knows it was you", "o no", "Asshole", "i want to make amends", "Sorry", "me <:fullHigh:729029046444359692>", "bot aint tryna beef today", "SHIT WAS SURREAL", "it would take me a long ass time to write out everything but the basic rundown is as follows", "Dumb trap kids making alt accounts and faving their own tracks", "Ay speaking of which...should do an investigation on that", "yo shii? meaning yo shit right?", "most people do that to an extent believe it or not", "i heard ur the master of chopping samples", "its ||shart|| rap on AT", "in school when i used to say dumb things out loud", "tbh i want someone to rate vizils music", "we didn't understand you enough", "pretty much yeah", "Why leah what made you think that then type that?", "qooq", "there's so much left", "everyone want you to shut up", "whaqt", "Best not to", "Crust move against crust", "Pls no", "means enjoy your ban", "you also have access to eggfull now", "So last night I went downstairs", "well why am i asking that", "the real story is i took out the trash", "he ruined it", "\"serious roy\"", "same i got places to be", "SERIOUS BRO", "thats what", "lol", "ok but fr i joke alot", "probably the reason why it took him over an hour to open the tuna can", "emphasis on gross", "and I'm gonna eat 'em both", "that's part of it", "am i that ugly", "nah it's fine", "I was inspired by him at first", "yeah music is amazing i love making it", "yo {0}", "because its the way i use it", "i used your drum fills", "oh ok", "even i made chiptune o nAT", "yeah tj pretty younf", "I am eating Ramen 12 at night, lol", "give sun chip", "Basically I put everything in the kitchen into my Ramen. I like to experiment.", "sonic", "will check it out", "LMAO", "what's the cause of your pre-established dispositions toward perceiving things in a certain way?", "why woudl you even consider it you vampire?", "could you not", "srsly", "They also made Spider milk", "nooo it's not at *my* house", "it's at like this shack we use for when all my friends and i get together", "america", "even bot is still mad at him for bringing up ||spider milk||", "I follow the rules on this server pretty well", "But sadly", "oh hi", "the chicken is pretty wet I won't lie", "I write stuff down even if I have no clue what I am talking about lmao.", "damb", "how do u still remember", "<:averageenjoyer:784265069071433809>", "Look roy", "100%", "yeah i have down syndrone", "wait it is", "that would be pogs", "but the d is replaced with a c", "my mans just roleplayed.", "He shook from the loss", "100 points to griffindore.", "Banned to the shadow realm", "im rapping rn", "im going to get high by boiling something", "Idk about Aus tho.", "<:eyes1:696820995498967211><:eyes2:696820995381526668><:eyes3:696820995494772846>", "Omfg", "plural of german", "work joe is second best joe", "probably impossible to predict, might not even be comparable to other accents", "when it's used as one", "<#344960356063379466>", "wym", "dead meme", "and i would probably get a asswhoopinhg", "roy horny", "fine i did it", "would the AT team be open to ever releasing some of this info out in the public? i find stuff like this incredibly interesting, and i know some other people here do too", "more like game*go* <:superwheeze:464314501156700162>", "uh yea", "Idk it just depends", "just god off a call with my dad", "I made something amazing", "That is a really episode joe", "when tj is sus! \ud83d\ude33", "Friends with a bot", "damn", "We're the same person now", "Nah I was just sayin the name", "Is cul", "Just shoot the guys", "I'll take you up on that offer", "Ye know?", "Of course.", "that should fix them", "I mean", "hey Roy hes gay and that's ok", "you ever have cheesy broccoli as a kid?", "im sorry man", "alfredo fudge <:fullHigh:729029046444359692>", "\ud83d\udc4b", "baklava is gr8", "the cake was basically wet", "Oh, you like kanye? Tell me then: who was in Paris?", "this is the saddest day", "the hide feature isn't always effective, people still have habits finding tracks", "it was the worst voip when it came out", "There's some juice so it's working https://cdn.discordapp.com/attachments/344959314953371649/799898578621169664/20210116_001111.jpg", "if its ur first time in the channel", "but most people don't read rules", "<:pepeyikes:737564014900543498>", "its there", "if you're gonna live in a tiny one floor house live in a cabin", "tf do you mean what", "adding vanilla to an ice cream mixture is not a very difficult thing to do", "is it easy that even i could do it", "<:milkthink:679807989544517634>", "gen3", "Shutup", "Gn", "what a weird hobby, testing the mods of an online community", "time travelers", "if i even go near my door im going to drop dead from hypothermia", "login logout", "celebrate can mean mourn too", "theyre making it seem like Kong can literally beat Godzilla.", "Now if they made another Pacific rim , with Godzilla fighting off the Kaiju, then id waste the money.", "no its a funny quirky lizard wish beam", "He did stuff a tree down his throat 50 years ago", "Kong fought off two T-rex in the last movie so..", "LOL", "roy = ass", "he's dissing me", "shet meme https://www.audiotool.com/track/nklimvg57/", "i did not listen to em", "bot wtf", "He says the dumbest crap I every heard a kid say", "I'll send them a link to every one of my songs in individual comments", "Like I understand trying to emulate the sound of another artist, but if that's all the track has going for it it's useless otherwise", "https://cdn.discordapp.com/attachments/344960356063379466/803086006000943104/hqdefault.png", "dudes skin and bones", "have u seen what he looks like?", "I read \"22 of Jan\" - plusminus timezone this was likely Thursday and that the day where the charts are recomputed. Did I miss something?", "with all those boobs she has", "why are cooking videos the best videos", "https://cdn.discordapp.com/attachments/344960356063379466/803169847621189642/4k0w7k3a0t461.png", "Because it's hard to obtain copies of these papers?", "This isn't even-", "not gonna talk about it though", "And after that, more sun \ud83d\udd06", "\u2600\ufe0f", "I need an AT mod", "What\u2019s up", "oh sweet", "Knew it", "Kai is a dev btw and probably very busy, I think it's best to use the reporting function than to ping", "but", "Joe sthap being a hypocrite when you joined when you were a child lol", "it's also kind of set up for failure without a label, but labels fuck everyone over", "Why is he called super*man* if he's an alien?", "you mean everyone on at uses AT wrongly?", "damnb", "everyone on AT are fucking children", "XD", "to be more specific, minatory", "jet selling out he's getting merch \ud83d\ude14", "you should make dubstep like Client does", "im not kidding", "Like a mambo vs a samba vs a rhumba has a lot to do with phrasing but the phrasing changes because of the rhythm", "they're stupid lol", "And what defines \"EDM\" is also dividing it", "Lo-Fi is Hip Hop", "Lo-Fi is an adjective But it's a genre when the meaning of \"lo-fi\" is very prominent in a track, i.e, vintage/low quality audio", "Im being dead serious", "you know there\u2019s no hi-fi button on the centroid man", "im not fucking trolling", "but there still may be higher fidelities in the future so retrospectively today\u2019s music may be lofi", "looking up the term", "what would music even sound like", "it\u2019s past the point of even having a recognizable fidelity", "that\u2019s true joe but has there been a noticable uptick in sound quality in the past 20 years?", "im pretty sure its just gonna be like 2020", "so can u make ur music on AT hi fi or lofi", "I've been so inactive here lately ;/", "pog", "hmm", "not sure i totally get u", "he\u2019s been an audio engineer since the 70s", "where should i send a recording of me asking him abt it for anyone who\u2019s interested?", "https://cdn.discordapp.com/attachments/344959314953371649/803361286342705202/hifi.m4a", "https://cdn.discordapp.com/attachments/344959314953371649/803361874854412329/hifi.mp3", "A little note about recording samplerate, I think you should use as high of samplerates and bitrates as is reasonable in production. Artifacts tend to compound, so even if you can't hear the higher frequencies, they can still have a significant impact on the final result, which you would typically output at a standard samplerate and bitrate.", "there are in fact benefits there besides what you can see", "I guess if the game actually processes game ticks synced to the graphics, that would make sense.", "https://media3.giphy.com/media/1wpxFRGw0HhLwqvMz8/200w.webp?cid=ecf05e47a6lk97k2cnu2rzen171pspccekddtk1iw6r8d9lr&rid=200w.webp", "ye, but reporting is always the first thing one should to. If that doesn't help or there's imminent danger, pinging is ok.", "<:at_machiniste:713174658077294633>", "cant most or all vpns do that", "You have no idea how often someone thinks this would be a wise choice \ud83d\ude26", "no memes in <#344960356063379466> \ud83d\ude21", "{0} ty", "moonshine was illegal like during the 30's right?", "Indoubetebly", "**I feel pain inside**", "I feel like trying", "Sounds like good ol' agony", "im broke", "That's a bit harsh", "I got another notification today that the charts updated", "in a good way", "how u feel", "Making music lately has been really fun, because every time it's like lifting a big ass weight off my shoulders", "bruh u play instruments u made letter to the sun", "not really", "idit", "the newest ones don\u2019t even let you do that I think", "im having a blast", "is probe still not working", "joe", "I'm doing alright :)", "teacher nearly caught me lol", "oh ok leah", "kinda hype", "it's gonna be a giant letdown", "Try wave but with no samples", "You don't need heavy", "Wh O", "What is happening", "A clutter of topics, floating atop the general channel.", "ambience is hard lol", "i used milk <:pepehands:737563986584928336>", "We have the meats", "good cuz i was about to go to disturbing detail", "don't yikes", "**did i succeed ?**", "Oh jeez", "\ud83d\udc4d gr8 job", "Tj really said", "{0} lmao weeb", "\" i like dick, but im not gay \"", "https://cdn.discordapp.com/attachments/541745448801533969/803747797606203402/video0.mp4", "6 dogs?", "shiney please be respectful. an artist people cared about died", "Lmao", "personally, i didnt like his music, but a lot of folks did and thats worth something", "oh no wait", "this bot", "I spent the whole day making a THIRD new video", "number 9", "such as drake", "he's red like my red lizard oc from 3rd grade", "{0} Sorry bud https://cdn.discordapp.com/attachments/344960356063379466/803824206181302303/2813721-2785618-undertalepolitics.jpg", "rhymes so sharp they cut ya like hot knife through butta", "I got so much money tho", "you shut up", "That's right I was there when fire was made I am a titan! I go through history in spades I bring you gifts from an ancient era called \"The last good rap you made!\" It really is a shame That it's been s long gone, but can you really be blamed I mean after all anyone would drop the ball, maybe even go insane If the had to compete against me, I would be their bane So you may play your game while the big boys rule *every* age!", "You", "shut up roy", "sonic I saw that", "Wtf, I literally have been listening to Sonic music for the past 30 minutes ish", "I just been on the worst discord server ever and it was fucked", "RLTRUUEEE", "Yo syn", "Fuck I meant west", "this is not a pog moment", "There you\u2019ll find a clone factory", "Not sure why though.", "Its not supposed to \ud83d\ude1e", "boom problem solved", "Wdym that's the usa", "ye", "I don't understand how that can be on \"drugs\" it's not like sila's music which is literal drugs", "plenty of people like that", "that explains it better", "Idiot", "well maybe you dont have epilepsy", "{0} I can still see them", "ah", "Not if you're not the original message poster it seems", "theyre already gone", "you know how when you hear a song ur working on over and over again it stops sounding like music", "or if you make it really quickly lol", "i bet it wasnt awful", "FUCKING FL", "how did you accidentally make metal", "I resampled a riff into a vital preset", "there's something called hypotropic breathwork which can bring on dmt esque hallucinations", "there's so many neurons in there", "how many holes does a straw have", "1", "we are not fucking dumb", "ad hominem ad hominem", "I seen the music vid", "Your mominem", "I jealous", "i cant believe myself", "Like some of mine or nauts", "jose", "I think you already know", "You probably forgot", "You're welcome sim <:EZclap:737566655185420348>", "Hot", "\ud83e\udd21", "OH", "I will eventually", "After I make 5 or 6 more", "nice 1 dollar bills", "Stop lying", "The line is my phones editing tool, I misclicked the pen marker thing", "wow", "you have to choose manually after 1/16", "so it would be a neat way to look into ideas, and if people react postively or negatively to them.", "Noted. ill keep that in mind. \ud83d\ude42 And thats fine, again, the studio is usable, just helps with added workflow. and its been a bug for some time.", "Gotcha.", "Sounds like a bug - how long does this persist?", "and the exporting, now that I just double checked", "Yeah man Tough times", "Stop sign", "Yeah", "oh no not this again", "I saw a post of someone who went in $800k on the GameStop stock", "still you", "That's fucking hilarious", "He's gonna destroy Google", "Zerod the movie on Bandcamp", "I don't fucking care", "EUROS $#!+", "FUCKING BUCKET HAT", "Ohio isn't real", "yea same", "AT mattress when", "almost worth an eggpog", "So many colors", "AT Sex toys. wait.. that's maybe too far", "lol alright", "I'm gonna buy the whole storeeeeeeeeeeeeeeeeee", "AT headquarters", "AT headphones when", "jordan has one iirc", "if its a mic thats not attached to a headset it will work", "yeah that's why i cancelled my membership", "Living atleast one decade should be illegal", "where did you buy them", "ive gotta get in on this", "im not sure", "people had to mute me", "cuz my mic was loud AF", "So I would just stick to this mic", "<:pepesus:768715621244207114>", "Good to know", "nah that one aint dead", "ish", "low might go to 20/30", "one day he will grace us with his attendance", "<:happymorning:782497483070111784> omg", "wait sid", "andre watched the batman vids", "https://cdn.discordapp.com/attachments/344959314953371649/804409971163922502/levelup.png", "Get that shit out of here", "Playstation gang \ud83d\ude2e\u200d\ud83d\udca8", "roy: doNT BAn M-", "Yeah \ud83d\ude14", "I'm currently not", "what if i use light compact", "im so lazy to", "need additional channel #among-drip-gaming", "So it\u2019s not that big a deal", "Not actively. Martin said it would be unnecessarily hard to re-integrate their services after that change. I don't have details, though.", "Went to incognito and it's still the same", "my buttons are missing right now as well", "thats a short one", "can protect my whole face", "we cook our own stuff a fair bit, we just dont have any special clothes for it", "many applications", "this whole convo is built generalizations, which is not inherently bad but should be acknowledged", "i used the plastic thingies too maybe i should grow a beard", "imma eat when i get home i think", "Who", "no drama here", "they give me 20-something vibes", "\ud83d\udc40", "She did come back not that long ago so your theory is iffy", "welcome {0}", "may you confirm what your original account was", "https://www.audiotool.com/user/vividvisions/ ??", "im one of the developers", "hey joe, hey opi", "why are we confusing the new member", "I'm Kibbey", "let us commence forth type beat", "the goonys", "hb", "<a:acelebrationmomo_lnd:420028814400159745>", "dAMNNN bot got u", "not sandwhich", "<:pikah:736985782572810460>", "WE NEED", "im still burger", "I require *red* as my color", "the buns are coming", "where is roy", "WE ALREADY HAVE CHEESE", "get in line", "we becomeing brugr", "bbq and ketchup works", "bruger", "same", "https://cdn.discordapp.com/attachments/344959314953371649/804471919008284682/1.PNG", "https://cdn.discordapp.com/attachments/344959314953371649/804471936289079306/2.PNG", "jesus christ", "Ill be pickles", "And i'm white sauce <:fullLow:729028897957609473>", "there", "WHY IS THERE ROAD KILL", "really", "please \"MOO\" in the decency of the cow", "get a larger screen", "Just stay", "that is gross", "I've seen 17 in voice chat here before", "Also oof", "<a:crabbydance:531233158532956160>", "yo its vulkron", "welcome {0} ! please read <#317447437650231296> and <#683882299414413355> if you havent already", "You can still talk to him if you add his tracks to an album", "It'll be only samples", "Why-", "Lol just had a mask fight at work", "*why haven't yo-*", "recently", "it's honestly kind of depressing to see", "yeah exactly", "lmao", "uh oh", "can I give you a 1-10", "everyone likes to think that but if it was so common it wouldn't be a problem", "\"Bro you could work harder on ypur music\"", "hoh?", "bruh these bots be crackimg me up", "what's your best track", "Oh crap", "damn the fuck", "eeeeeeeeeeehhhhhhhhhhhhhhhhhhhhhh", "hes been openly toxic not only here, but also to producers on his wall", "school sucks fat ass wiener but it is what it is", "Your a senior right?", "\ud83d\ude02", "7th here we come \ud83d\ude08", "wtf", "like", "i am rn i mean", "HI CLAUDE", "Thats not how i see it", "For example, i was in better physical shape in football than i am now", "deterioration can often be avoided by going to the chiropractor every once in a while", "Nah lmao", "which honestly might be why im socially inept", "Thats a mood", "Where exactly", "My ss number is 647-69-4279", "I use snapchat", "true", "misispispsipsipsi", "i am a noob", "so i can see what the fuck is that snapshot about", "And mixing?", "Sure", "{0} get *something poetic* and sonate", "BALLSACK TREE POG", "wait, is it badly or bad? I was also probably messing up word order, sorry about that.", "One bad thing is that I feel like my Slovak is degrading a bit. I pretty much think in English by now.", "Quick question, do you guys enjoy my work streams? Or are they annoying", "idm", "udm tho", "I didn't think it did but apparently it does", "and there would be capitals", "I is about the only letter I do use a capital for", "apparently I was in this server already", "2/2 is essentially a half-time *feel*, but the length of the bar is identical", "note value =/= bpm", "pulse is whatever the metronome gives you? (i.e. bpm and usually constant?)", "never say impossible, you can mathematically find the signature for anything given enough time as improper the signatures might be", "<:heavysweat:695730648400527420>", "the first thing they make you do if a classical musician were to go to cuba to learn bata drumming is they would make you dance. dancing is how you feel the beat. it's all feel and not definition in a western sense. they have their own rhythmic concepts that are inherently free from conceptual frameworks like meter or time signature", "sure! and not having the framework at all can also lead to the same rhythmic instincts", "babies flipping love a good dance", "the norm is the exception. i've transcribed quite a lot of elvin and learned a lot from his playing. elvin's subdivisions often don't add up. often times metronomically the quarter notes aren't where they're \"supposed\" to be. and if you look at his playing in relation to the rest of the band, everyone is feeling and playing the beat in slightly different places. if you were to classify these irregularities as \"errors\" or \"wrong\", elvin jones would be the worst drummer ever. but he's not. his playing is powerful not in spite of these \"faults\" but because of them. the thing that hit me like a ton of bricks is the fact that time is a continuum and there's no such thing as discrete or \"constant\" time. the only fault is in assuming that the framework is correct and anything that doesn't fit is wrong", "if there exists a meter for which a repeated rhythm divides nicely, then a meter exists", "until it impacts how you write music that is", "sorry vizil", "uh", "oh! deja vu!", "You can", "Well, beats being in the UK", "To hot", "Today's a bad day for you", "<:fullLow:729028897957609473> I love my name", "Speed.", "Get over there", "mathematics", "He said the thing", "i don't know the articulation you're talking about specifically but vaguely relatedly, indian classical music has a whole theory of articulation/embellishments that's much more fleshed out than any western classical theory of articulation. it's considered as much of an integral part of the music as the notes and rhythms and stuff like that", "Is that the kind of thing that you wouldn't find in notation, because it sure sounds like it", "Down to the discretion of the player", "Suspected as much", "but I am thinking as far back as baroque", "huge concert halls, the gentry paying huge sums to watch", "There is large market and the industry that provides for it", "yeah I don't agree tbh", "I think of the interactions between all the different parties involved in putting on a performance as industry", "Damn bro rip cicely tyson", "whoever named that is a sadist", "dangerous to your house", "Helll nah", "PNWers *hate* spiders", "when you say BC do you mean BC actual or just the coast", "you are lying noir", "Patreon kinda getting... googly lately", "Very fun game", "love me some CA", "based god gamer maidboy opened my mind again", "\ud83c\udf9b\ufe0f", "\ud83d\udeaa", "I completely forgot about that wow", "I eat lemon slices and they're good", "try it", "Im not that guy", "oh he's doing it sick", "<a:peep_what:646897934671151115>", "Flamingo", "<:sporesonic:681958044367585280> I like that game", "<:satesatesate:793565179681964052> <:satesatesate:793565179681964052> <:satesatesate:793565179681964052>", "we have history (not that kinda history you dirty minded people) she is my ex, but i still feel some type of way, shes hinting at it as well", "FUCK", "3 years old", "well, i should nod off to sleep night night all \u270c\ud83d\udc9c", "cuz it seems hard", "pls follow", "well yeah, i should use my AT account more", "thxxxxx", "yeah have you ever heard of a mug cake?", "ll", "that\u2019s a refrigerated cake", "damn i woke up an hour ago", "fail", "10", "The sparkles are super cute tho<:pepehands:737563986584928336>", "im 17", "I HAD THAT YESTERDAY", "Its common in canada.", "i thought it was popular everywhere", "I\u2019ve had both and they\u2019re great", "i plan on playing minecraft with my brother today, if you wanna come join just shoot me a DM lol", "nono, you got a point", "I dont really like minecraft because its boring but if friends want to play it I will", "Huh?", "im figuring it is.", "why can't I find it in search then lol", "share share share!", "im in a call with {0} so if you guys still dont believe me then....", "well, i gotta go my peeps. i gotta go help somebody move boxes at 09:00 into their new rental home... smh and im still sore from my accident (details in <#405495132830564353> just search for my post) but ill be okay tho im feeling a bit better", "Im asking fam, just gotta make sure its still a joke, or if its somethign you want", "I left staff on the discord theme server and it\u2019s been some time since then so I don\u2019t mind if you would have me but if I outright say I want to be staff it makes me look pretty bad", "Its been mentioned before.", "sad boi moment", "I guess I just do it because it feels like it\u2019s something people expect to happen so it\u2019s fun to perpetuate it", "but yeah good morning", "They don't have all my emotions tho", "that's great and all, but who asked <:fullLow:729028897957609473>", "yknow how people think my logo looks like a pug?", "Ehhh", "a big reason why teenagers try drugs in the first place is because it's cool to try something illegal, no?", "wassup pardners", "thanks man i appreciate it.. came back to audiotool bc the lack of samples (compared to the older days) is forcing me to think different vs. how i produce in ableton..", "But idk if it's a big reason ykwim", "Bro this bot", "No I'm not", "Ok", "Become a lemon fiend like me instead", "I'm glad u care though", "I have willpower though that's how ibquit smoking", "bonkers even", "all five hands", "fuckin", "Cringiest maybe", "fuck you", "bruv", "i though i deleted it but it was in my drafts]", "copyright always been annoying", "copyright is my fear", "I'm arguing with you jaaydnn lmfao", "https://tenor.com/view/tuga-numeiro-gif-18302117", "or make tiny edits that nobody notices or cares about", "Since it isn\u2019t theft", "If it talks like a troll, argues as a troll, ...", "<#797529147211644928>", "what was the cool thing?", "{0} can I get a raise please. Cleaning the broiler and the hoods is really goddamn nasty.", "as a counterpoint to this you *are* having this conversation rn", "yeah well", "I am \ud83d\ude08", "you literally cant do anything", "Search looks through all post history", "*if they don't know why would they check the roles*", "its why id check", "no problem going to bed early, it only means waking up early", "lemme find it", "mm", "im taking a break from skating for a month", "the poll literally right above it", "Idk why you put the ping separately", "Well, more of we're being forced to have a poll", "what if it's heavily favored like it is now", "And it's been a big *no* for a while", "amazing", "JAWLINE HOE", "chill chile", "chili", "a lot of people aren't comfortable with that word", "I'm like... \"Cheeel? Chihluh? Chilay?\"", "so it stays out of here", "not a good time", "I won't say it around fairy gworl", "do you just not use drums wtf", "I sing and rap to anything", "rawr", "ApoC wins", "congrat apoc", "mmmmmm", "or food", "dont spam images", "wow noir never knew that you're a sonic fan", "sonic 06 was so fun because of the glitches tho tbh", "thats embarrassing", "althought i will admit it is sad that it did happen that the same", "I found out that i died", "https://cdn.discordapp.com/attachments/344959314953371649/805312048606609448/image0.jpg", "keep it civil fellas <:EZclap:737566655185420348>", "goog crom", "Lol \u2018stop cussing also fuck you\u2019 lol", "ig i made a convincing fake xD", "No I only got sad for a second", "checc <#538926955119116288> :)", "I just know my transformer shiz", "Imagine not", "that aint cool my dude man bro", "i've never played anywhere", "only time i really got was like a very short time with my brother", "i would like to do some jaco type shit on bass", "times up bot, now answer", "layugh", "SPAM MEMES", "new mod here abort abort", "seeing that ungodly gold box of doom with a warning definitely scared me bro. like, I've never had that happen and that showed me I had to stahp being Dr. Asshole XD", "okay johnson", "Lol I was looking at other conpanies statements", "Even better", "\"We Exist, I Think.\"", "Sibling Rivalry", "<a:peepoPizza:526260919957979159>", "and microwave it", "that\u2019s me in my dream", "THE", "Pass", "this isnt the whole thing https://cdn.discordapp.com/attachments/344959314953371649/805554051512008734/unknown.png", "I give 0 thought of keeping my shoes clean because they are the least part to stand out", "BOT", "yeah I'm aware but the last bot update was a while ago", "Yes that's happening to everyone rn", "i just dont buy clothes i dont like so i can wear whatever i want", "I also wear cloths", "wear nothing", "kinda like armor", "it's not beneficial to see that stuff", "Like c f g7 <:ree:321764197107105793>", "<a:BOOHOO2:732962259482968094>", "oof", "mute him too", "what is going on now", "I'm bored lmao", "or 2018 idk but i had an old account called noah cheng but i deleted it", "im actually using a kindle to talk rn believe it or not", "bruh my computer fucking up mad rn audio aint even playing", "some phones and some tablets are pretty comparable", "and saw this", "If you can make good enough music/build enough connections for people to take your \"side\" then you can become a powerhouse of attention", "aren't you 14 lmao", "gen alpha i think?", "yeah they some weirdos", "YOOO GAMESTOCK!!", "but we do be speaking facts sometimes", "noir gen 2 bionicle \ud83e\udd2e", "\ud83e\udd2e", "what is bionicle? I never heard of it outside of this server", "My ex ex has weird convos", "you always have such a humble perspective nico <:happymorning:782497483070111784>", "Stop hanging out with trap kids smh", "You're music is amazing", "exactly the same with my bandmates", "I heard SOPHIE music before she passed I think joVee showed me some of her songs and it was a weird experience", "that's the thing with newcomers on AT, it's like they're actually repulsed by reaching out to more veteran users, but in reality, we're more than willing to help in most cases", "idk honestly, its getting hard to really talk about anything AT related bc i havent hardly used in forever", "even in the old days though, i still wouldn't have minded helping people out, ppl just dont ask me anything <:pepehands:737563986584928336>", "I was a dick on AT dude lmao", "I also have been like this but i was a dumb ass instead of an ass", "I was the playground bully on the fucking site 2 years ago", "POV: You're a girl on AT during DJ Anthony's lifespan <:empty:748051613612114020> <:grabR:755150025717186630> \ud83d\udce7", "Hell, join General rn", "come is come", "You better \ud83d\ude24", "Who taught it that", "that was mean", "shake em down", "kody", "it sucks to lose faith in a hobby that you've spent so long enjoying", "it\u2019s because you did what you did", "i love it so much but it terrifies me now bc of how badly things coulda went", "i hope you both have a closet packed airtight with waterbottles", "i keep telling myself 'oh im just young, this is my only opportunity to do these things!1! but why? why do i do this shit? idk man", "Non-where? <:fullHigh:729029046444359692>", "some money", "wait is 600 low", "the will of god in your hands", "This is audiotool, ladies and gentlemen", "oh shii", "how", "Let's see how cancellable it is", "you idot", "Guess I do", "roy", "I'm about to shove", "So far up my ass", "Uht uh, I love Auxi!", "beautiful", "I'm so unique.", "my catchphrase is *unzips dick* and that is what i shall be known for", "ugh", "he got a gub", "Not them getting mad because I live in the southern states in louisana and chile is a part of our language", "c", "I am'nt", "Wot", "my thoughts exactly lol", "or not", "goodnight", "\ud83d\ude04", "life of the party man <:pepehands:737563986584928336>", "Both of you", "pls", "You just made the list, kid", "Get the fuck on with your life", "Chile is slang for \"country in South America\" in Texas", "Y'all big mouths did", "Here, hold this", "but wait", "wanna see them?", "Nah", "https://cdn.discordapp.com/attachments/344959314953371649/805646244445028362/bigweld.png", "LLLLLL", "Magical", "Someone who was very prominent in The TM era", "Fuckin mean", "Joke", "mililagallon", "I'm just now connecting this", "tbh the only thing i would need ableton for is effects and drums", "Well good thing I didn't hack to get abelton", "Welcome to this place where vc is just peeeeeeeeeeeter", "bonk", "yep", "i didnt want to bring it up because i assumed it had been mentioned already", "shes alive", "Idk yet", "joe how do u feel about whats happening in vc lounge?", "Please I beg you", "i can remove MOST of them though.", "inexcusable", "Pooooog", "they constantly get changed so its not really *that* useful taking images because they get outdated very quickly", "would love to do my nails once too, but firstly, everyone would judge me, secondly mom doesnt have black nail polish and I would probably mess up bad haha.", "I feel so horrible for not being woodgang", "imagine being trial mod", "a pregnancy test is another one of those examples", "Very cool", "ANYWAY", "Tell em off", "sid and i are soul sisters i would understand why you would think we are one", "hey roy", "when who is sid?", "Gworl", "YOU ARE VIZIL", "You have?", "Just kiddin", "Oh yeah, I'm a big lurker.", "You cant do that", "There was shrek 5 supposed to release last year", "ew cannibals", "doj no youre being canceled", "Ah", "i love you too raiden", "YOU LOVE EVERYONE NOW", ">:((", "i made egg", "I will commit die", "I am a man", "what did i do to this server?", "Nothing roy! Bro", "I'll dm you", "gluttony is normalized and humility is undertaught, return to monke <:sporesonic:681958044367585280>", "I'm about to return to these nuclear launch codes", "whoopsie", "so look it up", "hands - you have no di", "but when i tried vr", "that's great and all, but, who asked <:fullLow:729028897957609473>", "Bruh what is going on now", "Sup", "Cuz like", "im lost", "mine all wrapped up into one", "help me understand", "I use BE and EF", "the name I've heard for it is military time", "jesus im tired", "unless you are sonic", "ok but can we talk about noon and midnight", "this is a measurement of time, so if time is different there it needs another measurement", "no one here is bringing up a good point tbh", "Any system is more complicated than needed for most purposes", "not to mention getting everyone to do that in the first place", "Give me a gun", "Uh... huh...", "idk", "Also the transformer comics are supposed to be really good", "gay robots", "Blender", "yes? i haven't done any nsfw", "hey people", "ah yea", "I\u2019m still waiting for my AT spray bottle to arrive", "I wish I had money :<", "<@351506446271250433>", "I got a gold medal today\ud83d\ude04", "trap nation", "There you go", "i shall correct thy grammar", "christmas music is jazzy", "i got my glasses now", "Damn.", "thank you for specifying lol", "I am.", "pog", "FFS BOT", "<@!73958666050482176>", "Sempai", "https://cdn.discordapp.com/attachments/344959314953371649/808130549470330950/levelup.png", "at least you hate roy too", "the bot is my son", "hey bot, milk or death", "<a:Death:692259158677782578>", "bot talk dirtty to me", "bdsm <:reecat:427628494973829130>", "when the eimpostro suis sus", "gamestop 2", "Zooweemama", "monke", "HE LIKES WEEZER", "Imagine", "incredible", "So is that a yes?", "lol nerd you like music?", "seriously what is bot's obsession with roy", "Boo, generic", "M\u00f5rk", "{0} what kinda cat is that", "It's a one of a kind", "Joe, what's the name of the AT club in Apex?", "i forgot what its called", "personally i hate it", "i think its overrated", "actually nvm"]}