{"talk": true, "prefix": "^", "adminrole": 772120878733328425, "freq": 8, "whitelisted": [759980980072349730, 760731676384034816], "log": true, "lchannel": 788975046432522270, "listmax": 999, "learn": 5, "phrases": ["Hi!", "Morning", "Bitch \ud83d\ude44", "No", "Prove it", "He would put Goku into a permanent coma", "Let\u2019s here em josh", "I need a LIST", "Someone say anime recs?", "my time has come", "Oop", "I want good recommendations", "Congrats on ranking up, Simp. <:giggle:779753152655523860>", "Look at this smug guy", "I\u2019m currently watching Given", "The gay singing anime", "Ctrl + V Right now. I wanna do a clipboard check", "its learned a lot of your naime shit so far", "Add Happy sugar life", "This bot is mocking", "I thought that was a person", "I\u2019m about to beat his ass", "oh my god", "That\u2019s what u said my boy", "My words cannot be copied by a bot", "the only complaint i have about the ps5 is that the batteries in the remote could last longer", "Keep it charged Ig?", "relentless", "Killing the bot", "nah", "ANIME RECS WOMAN \ud83d\ude24", "need to go", "sad", "Do I regret it?", "\ud83d\udc40", "{0} \ud83d\ude42", "The fuck did I do to the bot", "Lol", "I been here for the past few days", "clipboard check", "@everyone anyone wanna play drawful 2 later? think it'd be fuuuun", "HA", "HE HEARD U", "NOOOOOOO", "Let\u2019s see if I can get it to bagawk at one point", "BAGAWK", "Like a chicken", "nobody said that", "LUL", "ur so bipolar fuck", "They have a love hate relationship with you", "Hey fuck u", "it doesn\u2019t always need a command to speak", "it speaks randomly as well", "Yeah it\u2019s just a bitch in it\u2019s own", "Thats faor", "Wait is that a real bot or a person", "\ud83d\ude2e\ud83d\ude44", "try again", "it\u2019s worth a shot", "you fuckin idiot", "Maybe it\u2019s a no but I do plan soon,", "{0} Shut up", "{0} literally nobody cares dude", "that\u2019s fair", "ur kinda ugly tbh", "{0} , HOLY FUCK SHUT UP ALREADY", "I KNOW YOURE NOT WATCHING THAT", "FUCK OFF BOT", "Lmaooooooo", "oh okay", "Just because you get no love \ud83d\ude09", "i do not wish to be horny anymore. i just want to be happy\ud83e\udd7a", "that one hurt", "Sorry mush", "I mean", "Ooooh", "Somethings up", "it\u2019s just learning", "Wait", "waiting", "Sometimes I forget people are born past 2000", "and yet ur NOT RANK ONE BIIIITCH", "ME", "\ud83e\udd14", "yESSIR", "Wait ain\u2019t you number one", "Nobody talk to me I can\u2019t usurp my queen mushroom \ud83d\udc51 \ud83c\udf44", "omg the bot saved that", "AH", "blocked and reported, scrub", "See", "I tripped on acid so much when I was in 10th grade", "LOL", "I miss it low key", "I would wake up on the grass, with about 1000 other people. I\u2019m surprised I didn\u2019t get murdered or worse", "i usually only do it with one or two people", "this bot be intelligent", "it saved that the cocky bastard", "are you okay?", "I leave at 6 : 30 am", "jesus christ", "My ass hurt tbh now", "I should buy some tbh my ass is sensitive", "This kind fun to me", "You have your sister in the discord?", "Fuck u", "DAMN JUST SAY IM UGLY SIMP BRO", "the first one is my sister\ud83d\ude02 we barely even look alike", "I still can\u2019t see differences", "Y\u2019all beautiful", "Wtf", "Potato", "me but make it red bull", "https://tenor.com/view/yas-cotton-candy-girl-sugar-rush-hyper-kid-excited-gif-11758657", "wh", "its", "Hot kool aid", "{0} do you see this shit", "{0} do you want to play drawful plz", "{0} drawful", "plz", "@everyone leTS PLAY DRAWFUL PLEASE", "sama is forgiven", "I\u2019m working on some finals but I guess I can", "Drawful is part of jackbox; correct?", "OMFG", "YOU DID WHAT", "https://tenor.com/view/what-sponge-bob-shocked-confused-what-the-gif-12645964", "https://www.youtube.com/watch?v=NwTsZHGQ6FE", "Ok then", "\ud83d\ude0d", "that\u2019s better", "You aren't alive so stfu", "Lmaoooooo", "i-", "well that\u2019s just mean", "Why won\u2019t he bagawk", "w", "leave {0} alone", "Harder daddy", "https://tenor.com/view/awkward-black-kid-gif-3535805", "yes im down let\u2019s play it", "The best troll bot ever", "it\u2019s kinda funny", "Come on simp bro send me some love", "sushi!!!", "LOVE ME BOT", "Someone else come play", "*f o r e v e r*", "The hoe is me", "https://tenor.com/view/blind-spongebob-blinded-myeyes-sizzle-gif-4697428", "https://tenor.com/view/roblox-gif-18687331", "me bc of you know who", "AM I WRONG", "https://tenor.com/view/stop-crying-wipe-tears-love-cute-tissue-gif-15944587", "THAT WAS THE BOT ASKIMG", "what you playing?", "What\u2019s the point of that when we have drawful", "Uhh, you follow the story of Jack cooper.", "dont know who that is", "this bot is actually hella sassy", "planet*", "MILLIONS OF FAMILIES SUFFER EVERY YEAR", "Fuck titan fall, come play drawly", "im ina squad of 4 people rn", "i did not mean planet", "https://cdn.discordapp.com/attachments/759980980072349730/790084434815746048/card.png", "https://cdn.discordapp.com/attachments/759980980072349730/790084472334319626/card.png", "Looks like i need to spam more", "i believe that", "wheres biscuit i wanna play among us", "{0} i miss u", "Ill let her know yall miss her", "We need more firedad disses for the bot", "More", "don't be mad im jewish", "NO PLS", "IM GAY AND JEWISH", "DOUBLE WHAMMY", "{0} do u have monopoly", "Yes dude", "\u00c9\u00c9\u00c9\u00c9\u00c9", "bruh", "https://cdn.discordapp.com/attachments/759980980072349730/790120241417027614/unknown.gif", "No fuck u", "Thc", "Hoe", "\ud83d\udd95\ud83c\udfff", "he said rank for lol", "https://tenor.com/view/stupid-math-four-addition-gif-10891885", "https://tenor.com/view/general-kenobi-kenobi-general-hello-there-star-wars-gif-13723705", "WTF it\u2019s that old man kill it !", "https://tenor.com/view/killing-cat-gif-5336963", "This", "\ud83d\ude29\ud83d\udd73\u2728", "\ud83e\uddd1\ud83c\udffc\u200d\ud83c\udfa8\ud83d\udc20\ud83d\ude89", "NOW you get it", "Nop i don\u2019t get", "okay simp bro", "Hello everyone", "U", "Butthole pain", "https://www.google.com/amp/s/www.wellandgood.com/anus-cramps-during-period/amp/", "be nice to biscuit, bot", "it always is", "loool", "it\u2019s true", "https://cdn.discordapp.com/attachments/759980980072349730/790838053689753601/video0.mp4", "omg don\u2019t do that", "https://tenor.com/view/sleepy-so-tired-good-night-im-done-gif-9561101", "no say it maybe the bot will save it LOL", "NO ITS ANOUT ORLANDO BLOOM", "all i see is orlando blooms penis", "A wild Yash appears", "WAIT", "uh", "Lmao did it just pull up your rank?!", "\ud83d\ude14", "How this bot talks this much", "But", "im in a gooooooood mood tonight", "https://tenor.com/view/anime-smile-beautiful-cute-happy-gif-16596386", "Technically", "At this point he can have it", "rubs~hehe", "i don\u2019t know if you mean like pets", "Who did it save that from", "what it repeat what people said ?", "https://tenor.com/view/and-i-oop-jasmine-masters-whoa-gif-14100703", "My b y\u2019all", "https://cdn.discordapp.com/attachments/759980980072349730/791662184669118464/image0.png", "happy holidays\ud83e\udd0d", "https://cdn.discordapp.com/attachments/759980980072349730/791679846996115471/image0.png", "Die", "https://tenor.com/view/high-as-fuck-drugs-high-weed-gif-16119033", "Yup I was definitely naughty last Christmas https://cdn.discordapp.com/attachments/759980980072349730/791916620964429854/image0.jpg", "it has a light saber", "omg the bot is... idk some star wars guy", "but", "it\u2019s story is", "slow as FUCK", "lol {0}", "omg no that\u2019s the saddest part", "Circle jerk", "ayo get your mom to call me i just wanna talk", "Check your messages", "imma send her a screenshot of you asking to suck my farts", "https://cdn.discordapp.com/attachments/759980980072349730/792193508755636295/image0.webp", "but it's not that exaggerate", "I hold toilet paper tell you if you're Eco responsible", "an i pussy it's telling if you're good or not and ofc it's an sex toy for man", "I\u2019m ok and u?", "https://tenor.com/view/cat-hug-surprise-jump-cute-gif-17210536", "There\u2019s 83 people who need help and there\u2019s like only so many of us who know what we\u2019re doing", "https://tenor.com/view/kristen-wiig-red-flag-im-fucking-crazy-im-crazy-crazy-gif-5002136", "<a:YanBANG:586023163616296960> <a:YanBANG:586023163616296960> <a:YanBANG:586023163616296960> <a:YanBANG:586023163616296960>", "https://tenor.com/view/hehe-hee-smile-steve-harvey-gif-7550012", "https://tenor.com/view/trump-nonose-wat-entertainmeplz-gif-5235630", "Lmao yes", "WHATS GOING ON HIRAETH", "I mean same but ???", "https://www.youtube.com/watch?v=JPK9b6-MRFg", "https://tenor.com/view/satania-laugh-anime-lol-happy-gif-13786657", "https://tenor.com/view/anime-gaming-smile-gif-12906130", "Okayyy", "https://cdn.discordapp.com/attachments/759980980072349730/793294099667091506/image0.gif", "harold", "Everyone calls me this\ud83d\ude02", "its just penguin and i", "nah cant tonight", "Even me", "lol", "YASSSSSSSSSSSSSSSSSSS", "<:YanHmph:636401025900871691>", "harder mami!", "https://cdn.discordapp.com/attachments/759980980072349730/793533035819040778/card.png", "{0} i forgot why that was ur name for a sec", "what", "i don\u2019t understand why you would think i live in an igloo", "it\u2019s really not", "that\u2019s warm", "i dont like hot weather", "very good", "welp....", "brb grabbing firewood from le carrrrrr", "niceeeeeeeeeeeeeeeeeeeeeeeeeeee!!!", "https://cdn.discordapp.com/attachments/759980980072349730/793560587145052210/image0.jpg", "someones bored today lmaoooooooooooooooooo", "https://cdn.discordapp.com/attachments/759980980072349730/793583004986376232/image0.jpg", "https://cdn.discordapp.com/attachments/759980980072349730/793583014336528434/image0.jpg", "i can\u2019t believe he defeated gummy ganon", "Pretty quickly too", "HOW SHE DIE", "https://tenor.com/view/horror-eyes-anime-shocked-shock-gif-7639435", "https://tenor.com/view/rick-and-morty-pickle-rick-pickle-gif-9423244", "https://tenor.com/view/haha-anime-laugh-hysterical-gif-12130183", "https://tenor.com/view/baby-face-palm-really-sigh-stupid-gif-12738431", "just like u did to zelda", "<a:BearHuggle:502369412196859925>", "oh good, go have a nap!", "https://cdn.discordapp.com/attachments/759980980072349730/793930331316027392/download.jpg", "i cant tell if its goofy or mickey mouse but real talk what im getting from this is your mother fucked an animal", "\u201cYour mother was a hamster and your father smelt of elderberries!\u201d", "ya you fucken GOOFY", "Probs goin bowlin", "Nice", "i can probs get people on", "kk; none of my cursed images then lol", "i think he agrees w me that losing viewers is rough", "Forest is awesome", "):", "https://cdn.discordapp.com/attachments/759980980072349730/794261427740868648/card.png", "pp", "New Year\u2019s Eve", "Yes those shit are useless", "Am bot", "pp bot", "y u bully me", "<a:raccoonOverdrive:723317699396239472>", "#-5 hours", "LOL that status {0}", "pp says pp", "Wise words of the pp king", "why would any of us think that??", "so?? that\u2019s not a big deal at all", "https://cdn.discordapp.com/attachments/759980980072349730/794785143259791400/image0.gif", "i love that none of those worked for you", "<a:dance2:795139930790690817>", "Lmao", "_ _", "{0} <:daffy:795154152745205780> <a:daffystroll:795154175234932787>", "https://cdn.discordapp.com/emojis/795148749155729430.png?v=1", "<:rai:795147947163648040>", "<:rai:795147947163648040> <:rai:795147947163648040> <:rai:795147947163648040> <:rai:795147947163648040> <:rai:795147947163648040> <:rai:795147947163648040> <:rai:795147947163648040> <:rai:795147947163648040> <:rai:795147947163648040> <:rai:795147947163648040> <:rai:795147947163648040> <:rai:795147947163648040> <:rai:795147947163648040> <:rai:795147947163648040> <:rai:795147947163648040> <:rai:795147947163648040>", "can a spam channel be added?", "https://cdn.discordapp.com/emojis/795148749155729430.png?v=1https://cdn.discordapp.com/emojis/795148749155729430.png?v=1https://cdn.discordapp.com/emojis/795148749155729430.png?v=1https://cdn.discordapp.com/emojis/795148749155729430.png?v=1https://cdn.discordapp.com/emojis/795148749155729430.png?v=1https://cdn.discordapp.com/emojis/795148749155729430.png?v=1https://cdn.discordapp.com/emojis/795148749155729430.png?v=1https://cdn.discordapp.com/emojis/795148749155729430.png?v=1https://cdn.discordapp.com/emojis/795148749155729430.png?v=1https://cdn.discordapp.com/emojis/795148749155729430.png?v=1https://cdn.discordapp.com/emojis/795148749155729430.png?v=1https://cdn.discordapp.com/emojis/795148749155729430.png?v=1https://cdn.discordapp.com/emojis/795148749155729430.png?v=1https://cdn.discordapp.com/emojis/795148749155729430.png?v=1https://cdn.discordapp.com/emojis/795148749155729430.png?v=1https://cdn.discordapp.com/emojis/795148749155729430.png?v=1https://cdn.discordapp.com/emojis/795148749155729430.png?v=1https://cdn.discordapp.com/emojis/795148749155729430.png?v=1https://cdn.discordapp.com/emojis/795148749155729430.png?v=1https://cdn.discordapp.com/emojis/795148749155729430.png?v=1https://cdn.discordapp.com/emojis/795148749155729430.png?v=1https://cdn.discordapp.com/emojis/795148749155729430.png?v=1https://cdn.discordapp.com/emojis/795148749155729430.png?v=1https://cdn.discordapp.com/emojis/795148749155729430.png?v=1https://cdn.discordapp.com/emojis/795148749155729430.png?v=1https://cdn.discordapp.com/emojis/795148749155729430.png?v=1https://cdn.discordapp.com/emojis/795148749155729430.png?v=1https://cdn.discordapp.com/emojis/795148749155729430.png?v=1https://cdn.discordapp.com/emojis/795148749155729430.png?v=1https://cdn.discordapp.com/emojis/795148749155729430.png?v=1https://cdn.discordapp.com/emojis/795148749155729430.png?v=1https://cdn.discordapp.com/emojis/795148749155729430.png?", "no", "i wish", "https://tenor.com/view/robin-williams-cleaning-mrsdoubtfire-dancing-vacuum-gif-8950918", "https://tenor.com/view/banana-suck-vacuum-bj-succ-gif-19336269", "yayyyyyyyyyyyyyyy!!!", "pay back !", "<a:9850_pop_pop_cat:795134319420768296>", "<:pop_cat2:783805384062140417> <:pop_cat2:783805384062140417> <:pop_cat2:783805384062140417>", "{0} <:sbubby:795152128372244530> <a:sbubbyvibe:795152148509622292>", "BEGONE BOT", "OH", "https://tenor.com/view/lovemeltpanda-gif-9404837", "you sure it isnt simp bro? he is one entitled bot LOL", "im only joking around lol", "i\u2019m aware", "https://tenor.com/view/winnie-the-pooh-floating-float-gif-5157736", "https://tenor.com/view/happy-dance-ladybug-cute-mood-gif-13481995", "https://tenor.com/view/nicki-minaj-chile-anyway-umm-chile-chile-anyway-gif-18543530", "_asks knowing Daffy will annihilate me_", "https://cdn.discordapp.com/attachments/759980980072349730/796461090157887558/card.png", "lmaooooooooooooooo near perfect timing", "my way of boosting serotonin is by sending vids of me twerking; works surprisingly well actually lol", "But I also go to bed at like 6am so \ud83e\udd74", "I\u2019m not a morning person, unless I slept that afternoon, then I am", "I'd be dead by rights if it did LOL", "Yes, I\u2019ll stay up until 4am most nights", "I wanna find Nemo and pan fry him", "I mean you COULD eat it but uh", "it\u2019s not recommended though", "ohhhhhh", "Wiggling around", "good evening", "sex !", "and u ?", "how do you know ?", "omg the duck is simp bro\u2019s sister", "nbu u are usseless", "i have too much phone sellers calling me", "Penguin https://cdn.discordapp.com/attachments/759980980072349730/797603170783592478/image0.jpg", "i want", "https://tenor.com/view/stonks-up-stongs-meme-stocks-gif-15715298", "omg i missed {0} talking in my server what", "Good morning", "That\u2019s horrible", "that's idiotic", "hows she doing??", "\u0442\u0438\u0448\u0438\u043d\u0430 \u0434\u0435\u0432\u043a\u0430 TELL ME WHY THAT TOOK SO LONG FOR ME TO TYPE, I\u2019m tipsy so excuse me", "i raid in wow sorry", "<:YanBigLove:678498409027600384>", "Ok", "tickle tickle ticke", "New episode of AOT is out \ud83c\udfc3\u200d\u2642\ufe0f \ud83d\udca8", "bc i stopped watching LOL", "su im better bot", "https://tenor.com/view/kiss-cuddle-kitten-kitty-cat-gif-16545558", "@everyone A M ONGU S", "you got an error on your stream {0}.", "\ud83e\udd1f", "Sure", "i literally always do", "im good! i finished moving houses finally \ud83d\ude42", "SAMA", "meh", "and she said you bad talked to me", "she sounds crazy sama", "that's my mom crazy bitch", "i said you stipude by chance i came back soone of my jog", "i am definitely not a fan of ur mom", "ifeel i life with stipids roomate", "or nenough", "hi", "Helloooo", "https://tenor.com/view/duck-quack-walk-gif-9046918", "{0} are u at WORK", "Not that she can do anything since she\u2019s resting still from surgery, but she can open presents and eat cake at least", "aye", "yeah sonic made it \ud83d\ude42", "thats bc jean sucks too", "The bots asking for trouble saving that message", "https://tenor.com/view/aot-aot-annie-shaking-man-annie-leonhart-aot-annie-leonhardt-attack-on-titan-gif-18955214", "https://tenor.com/view/squidward-dab-100-lit-gif-15118193", "https://tenor.com/view/supernatural-spn-jensen-ackles-dean-winchester-mouth-open-gif-4867924", "HAHAHA", "ive never seen naruto", "bc everyone hypes it up so i think id expect too much", "Focking hell i definitely don\u2019t like alcohols", "My stomach is bruh", "Sinep", "https://cdn.discordapp.com/attachments/759980980072349730/801182660545740860/image0.jpg", "But some of y friends wen i talk about it and search for comfort had freaking answer cold hearted", "How are you", "LOL NO IM JUST BUGGING YOU", "how did you get the name mushrooms", "its short for yuckymushrooms", "im also deathly allergic to magic mushrooms and found out the hard way", "Umm", "Who wakes up that early", "dox alert", "it 8:53 Pm", "GOODBYE ORANGE MAN", "January 20th", "Sorry my temper took over", "Oh", "Anyways, good NIGHT", "sleep well", "https://cdn.discordapp.com/attachments/759980980072349730/801359139796156426/image0.jpg", "https://cdn.discordapp.com/attachments/759980980072349730/801359383312990218/6a459ad2fc4351890a9f968c88afba39.png", "I just GOT HER OUT OF MY HEAD", "I can\u2019t scroll back up now", "https://tenor.com/view/baby-angry-eating-mad-grumpy-gif-14328548", "I'm out I'm scared now buy", "https://cdn.discordapp.com/attachments/759980980072349730/801359862834659329/image0.jpg", "now time for socialism xD", "\ud83e\udd76\ud83d\udc4d\ud83d\ude06\ud83d\udc4d", "shes cute \ud83d\ude2e", "STOP MAKING ME OPEN THIS SHIT", "LMAO", "https://cdn.discordapp.com/attachments/759980980072349730/801360445457563648/image0.jpg", "I\u2019m getting nervous farts", "https://cdn.discordapp.com/attachments/759980980072349730/801360686767800330/image0.gif", "i have that one in my faves", "https://cdn.discordapp.com/attachments/759980980072349730/801360794138050580/image0.jpg", "She\u2019s not scary when I see her like this https://cdn.discordapp.com/attachments/759980980072349730/801360813046497290/image0.webp", "Congrats on ranking up, Simp. :giggle:", "why are me", "\ud83d\ude06", "Ohhh", "I am ddo", "ddoser", "Ultiame", "\ud83c\udfd2", "yum", "https://tenor.com/view/weird-idk-laughing-gif-7221683", "Mush....", "https://tenor.com/view/creepy-tongue-weird-funny-gif-13480166", "rhn", "for what", "confusei", "just cause Did you just think that you could fucking fool me with that comment of yours? I've searched your name up in the Navy SEAL database and you have never even graduated BUD/S, hell, even served in the Armed Forces. If you were actually a Navy SEAL, then you actually know how to spell guerrilla, you fucking moron. And you say you are the top sniper in the entire US Armed Forces and have over 300 confirmed kills. If that were true, then why the fuck is Chris Kyle a household name and you aren't? And plus he only had 160 kills. You think you can get away with saying that shit to me over the Internet? Think again, fucker. Plus why the fuck would you say you have a secret network of spies yet you just revealed that you had your secret network of spies? Are you a fucking idiot? If you can kill someone seven-hundred different ways, then list them all, I bet you can't even come up with seven. And if you had access to the entire US Marine Corps arsenal, then why the fuck did you just say you were in the Navy SEALs earlier? If only you could have done your research prior to posting your little \u201cclever\u201d comment, maybe you would have held your fucking tongue. But you couldn\u2019t, you goddamn idiot.", "blocked banned muted", "https://cdn.discordapp.com/attachments/759980980072349730/801363518679023616/message.txt", "yeah edont open it on mobile", "https://tenor.com/view/shrek-dancing-glitch-lit-gif-8966840", "\u0434\u0443\u0448\u0430", "My body will just bleed out it\u2019s coolio", "\ud83d\ude0e", "\ud83d\ude26", "https://tenor.com/view/plush-trap-jumpscare-fnaf-five-nights-at-freddys-gif-14991542", "I\u2019m surprised Daffy didn\u2019t kill us last night lmao", "Alert", "WTF", "https://tenor.com/view/it-pennywise-hello-wave-greetings-gif-14043524", "im wathcying your stream", "https://cdn.discordapp.com/attachments/759980980072349730/801658219025924117/maxresdefault.png", "when the", "f u", "I think i black out i was standing up for water feelings light headed and awake on my bed", "Never fucking mind then", "Morning all", "hot chip in my mouth", "\ud83d\udc4d \ud83d\ude0b", "https://tenor.com/view/hot-cheetos-hot-cheetos-junk-food-chips-gif-14841606", "Hmmm", "i suppose i should start watching again loool", "OR THEY BETTER BE", "XD", "Nu u", "I\u2019m not your babe", "https://cdn.discordapp.com/attachments/759980980072349730/802416739048620103/card.png", "Good afternoon", "Hi btw", "Not your babe<:YanFuckOff:761384658226380800>", "<:shrugging:513337078545645595>", "I can finally send this duck emoji", "I\u2019m gonna spam emojis, sorry", "<a:patpat:795139627375263764>", "omg", "Some guys from the PH discord", "jealous", "Goodnight", "nvm im not sleeping", "RIP...", "https://tenor.com/view/scary-conjuring-black-lady-horror-gif-5252759", "It\u2019s broad daylight", "Boutta sleep like a baby tonight", "Yeah, whole apartment shook", "https://tenor.com/view/goku-son-kame-hame-ha-gif-20048209", "Sorry tmi \ud83d\ude0f", "What was?", "Oh lol; I didn\u2019t see", "wtf is that game !", "https://cdn.discordapp.com/attachments/787571086123335681/803342442476470272/video0-30.mp4", "_prays to the Flying Spaghetti Monster that Daffy gets better ASAP. \u2764\ufe0f_", "https://strawpoll.com/8q77cdsv5/r", "Ty, praying I don\u2019t have to get my gallbladder removed", "\ud83d\ude02", "KILL THE BOT <a:y_weebsmash:794023562637737994>", "We have to kill it <:q_kermitkill:543607981175209984>", "<:x_scaredkermit:669566721933312000>", "HAHAHAHAHA", "DAFFY CAN U JOIN A VC", "JOIN THE ONEI M IN", "cfvkfghidfwfguhgdxfgcb", "Ok ok I MUST WORK NOW", "i'm not cute !", "I love their relationship in the anime", "so i got banned until i cleared myself lol", "hope it gets better", "https://www.youtube.com/watch?v=dzfQ4pU9rxM&ab_channel=Kieran", "BEHIND", "just MINING AWAY", "good night any baiii", "om nom nom", "@everyone oh no", "OMFG!!!", "What an amazing feeling", "They found out what\u2019s been wrong with me \ud83e\udd26\u200d\u2642\ufe0f my vitimin d level is dangerously low \ud83e\udd26\u200d\u2642\ufe0f", "yeast", "that's what i need those day", "They had a Lucky find!", "https://tenor.com/view/gakkou-gurashi-hello-hi-wave-gif-13649735", "https://tenor.com/view/rwby-hug-attack-penny-pennyrwby-gif-16058204", "Pretty much gotta shield now", "its from a roleplay thing", "the chaercter is nonna neils", "but i earched for u", "i gotchu", "<:sbubb:804949983748030475> {0}", "Good morning everyone", "<:love:795138699045634069>", "No simp bro, IM on the phone with her, wait ur turn", "ur status is killing me", "Thank you, thank you", "comedy", "Ik, crazy", "ch\u00f8p ch\u00f8p", "not", "I love ur pfp mushy", "Ahaha", "id like a horimiya one of hori", "Bruh", "wait brb the baby has awoken", "SHE IS NOT", "Jkjk", "Unless \ud83d\udc40", "NO", "We getting new internet provider", "bonk bonk", "who changed my name", "<a:ree:795139404066062406>", "i thought that was a statement abt bc {0}", "cuck", "bc is gay yes", "My father drives up there to go to the casino", "Uhh", "the one in edmonton looks icky", "My city so small", "Yessir", "grossssssss", "WHAT IS HAPPENING", "Level 16", "<:PepeHands:624377983892979751>", "\ud83d\ude36", "https://twitter.com/i/status/1356307132283449350", "i love u", "https://www.youtube.com/watch?v=yzWpCK-bfaA", "if youre reading this, it's already too late. you've entered the curse of the peepee poopoo man. if you do not share this post on 5 other discords, a kfc smelling man with black eyes and a poop stained dress will stare at you through the night. you have 5 days until he rips you apart with his razer sharp teeth during your sleep. (I'm sorry... I was a victim just like you, needing to be freed from this curse.) Eventually, he will make u suck his :leftnut: . Im sorry me boys. May you survive the curse. Bobi dag kl. 17:53", "hi sama!!", "I finally uses my phone but it\u2019s huge af", "haha, it'll probably take some getting used to", "Was comfortable", "Be she don\u2019t she aven think it\u2019s my fault", "jesus, i dont think she understands that youre also an adult, and she cant keep treating you like youre not", "Is she thinks of it she never listen then", "It\u2019s late I\u2019m going to leave home i soon of i have enough money for", "WRONG TIME BOT", "Okie", "How\u2019s your day day so far y\u2019all ?", "How are you Sama <:love:795138699045634069>", "Aww don\u2019t idk really my I\u2019m ok but meh", "\ud83d\ude29", "I read this and I don\u2019t believe would be making me happy if this append", "I would be happy to go like that", "bababooey", "https://bigmemes.funnyjunk.com/movies/Kinda+cringe_f119f0_8165592.mp4", "https://cdn.discordapp.com/attachments/768861660491415593/796756665776865330/d3daa20.jpg", "Bye guys", "https://cdn.discordapp.com/attachments/759980980072349730/806334552863801344/image0.gif", "https://tenor.com/view/chihya-chihaya-puchimas-patshead-puchidol-gif-5518321", "Ahaa \ud83d\ude05", "wha", "always", "LOL WHAT", "do i choose to be a leader or do i choose to be a follow", "shut the fuck up mee6", "https://cdn.discordapp.com/attachments/759980980072349730/806405601395343370/card.png", "bing bong", "boinkers", "wait what", "oh btw", "why should i check my messages simp bro", "who the FUCK", "Helli", "Breathe of the wild ?", "yes!"]}