{"talk": true, "prefix": "^", "adminrole": 706490532188389416, "freq": 30, "whitelisted": [344959314953371649, 806992523662590044], "log": true, "lchannel": 788593103840870431, "listmax": 9999, "learn": 20, "phrases": ["I remember using soundtrap, holy dang.", "If I didn\u2019t hold it in", "you're fine dude, it wasn't invalid or anything, just unexpected", "Ew mecha anime", "evangelion <:cringechamp:775864001204584469>", "that's along the lines of the most cursed thing I've ever seen", "I don\u2019t know what that is and that\u2019s probably a good thing", "aimbot", "they do", "Oh that makes sense", "noir u old", "No u", "u won't be using ur hand for ur virgin pecker", "omg", "roy is furry continue", "This mask https://cdn.discordapp.com/attachments/344959314953371649/795725309844258826/image0.jpg", "yall wanna see mark?", "usually at night is when they go nuts and fuck with each other", "im saying it's not really gonna happen for me", "Hey, it's Claude", "Well, the topic got completely overwritten", "why are you all tagging me", "rule 11 rule 11 rule 11 rule 11", "buhlowknee", "I unfortunately don't speak numbers", "ba3mela bil keyboard il inglise fr", "legit", "ngl it do be we tho", "tell die", "and not at all fun", "that's a fantasy for me", "uhhhh", "that was pretty lesbophobic", "but it\u2019s so preeetty i was really into the script", "\ud83d\udc4f", "Yes", "deadass a good anime", "very sad sob story, i\u2019ll shed a tear for you \u2639\ufe0f", "<:smugthink:464296723964231681>", "oh my-", "he wrote the genuis pp song", "i", "It's not your name", "the one with the butter?", "okay I am going to take a nap", "my phone just sucks", "a butter knife will also get most of the gunk out", "your charger has a nicotine addiction and your phone was drowning", "i had it unplugged and it started splitting and burning the plastic because it was so hot", "Scooter ankle", "What is it with you and cock?", "And you never yell at him", "So both of you shut", "yes \ud83d\ude42", "floppy nuts \ud83d\ude06\ud83d\udc4d\ud83c\udffc", "it is", "Eng;ish", "<:sporesonic:681958044367585280> wen text sex", "there are days it gets stale, but things like emotion fluctuate regularly", "\ud83d\ude33", "A broomstick :)", "im not gonna warn yall again", "it doesn't in theory", "whats witch hunt?", "Myspace", "well i make music as a hobby", "in the past I've feared that I've exhausted all the joy I could get out of something, but that never ended up being true", "but it doesn't have to be different", "yes compress it", "u put detune on ur 808's", "there's 3 k's oh no", "U make unoriginal edm", "no", "not cap", "nam", "i never rapped bro", "thats a mean word", "because jokes have meaning", "mhm", "insolence", "By bots, do you mean the customs I posted in the server", "ig he went to the attic", "he said attic dumbass", "wait nam how old r u?", "3 hunnid", "go sit by the alien", "https://cdn.discordapp.com/attachments/344959314953371649/796040372920123433/unknown.png", "<:tf:690099828687896728>", "I've only ever had honey once", "shame", "u gotta do what u gotta do", "yeah i bet you eat handfuls of sugar cubes for fun when youre bored", "same way you eat anything else", "just keep it in the bag", "What about bumblebee", "i wish i screenshotted that pfp deadass", "the lil zip up ones", "\ud83d\ude08", "dawg you said asaiji was weak lmaoo", "weak", "man acloudyskye makes such good music", "Singular/plural...", "also who infyuthsion", "Agreed", "https://cdn.discordapp.com/attachments/344959314953371649/796057205702262784/640.png", "Dam <:happymorning:782497483070111784>", "Prepare to get Aurora'd", "Neutral? 4WD?", "What", "Naa", "You happy?", "welp there always worse then that", "**now**", "How does one simply", "I did", "e https://cdn.discordapp.com/attachments/344959314953371649/796094121609527306/SPOILER_d4cd9283291525173cc601fe.jpeg", "What is this site", "Imagine slapping bonkle images in it", "i think i cried a little", "https://cdn.discordapp.com/attachments/344959314953371649/796102518396026900/c58837e42b85382f4633_small.jpeg", "I didn\u2019t realise you were Vizil with the different nickname lol", "thank you roy", "<:empty:748051613612114020> What did i expect from roy", "Oh you like minor chords?", "\"That red box is a furry somehow and idk how i made it like that\"", "understandable, have a great day", "\"hi lads\"", "i agree", "he is tho", "I'm not kidding", "<:pepehands:737563986584928336>", "indeed", "rip", "Virtue Signaling.", "gumball was better bro", "true tho", "so everything after that, I had already grew up a bit", "bruh who watched franklin", "Yes used to watch that all the time. Grew up as an 80's kid", "still goat", "haha factual", "Lmaooo i remember that dude", "ok", "Tho i did see tv every once in awhile", "but i almost teared up", "idfk", "Tho", "but u cant compare them", "Not rn", "HEY", "this reminds me of the wipe my shoes meme", "hello!", "ok i think i fixed member role", "what headphones do you use", "I use $10 sony headphones", "not always", "a homie has them and i\u2019ve used them for a couple days", "Was a good self bf present", "calm down", "<:happymorning:782497483070111784>", "oh my god", "how about e", "say *everything*", "Im gonna ban you.", "yall forgot", "please no", "<:fullHigh:729029046444359692>", "NOOOO'", "me too", "say it", "where's the dead what??", "shut side ways", "why are you considering it", "it's called being clean", "zed", "there is no beast", "anything but that", "omk", "type of dude to smile when the toilet water hits his ass when he shits", "what\u2019s the point of being in vc when you\u2019re not gonna say anything", "i can smell this", "bought some brown trousers so nobody will be able to tell when I shit myself", "i hope we didn't forget that i'm uncomfortable when someone mentions p//p", "no u", "stop this sorcery", "e", "your parents slap", "im black", "bro my mom beat me with kitchen utensils dawg", "Oh no he stopped <:heavysweat:695730648400527420>", "for what?", "valenbad", "what the difference betweens zerod and sonic", "Hey man!", "<a:Gay:740669910832906351>", "Not gonna tell y'all again", "what he saying", "he is saying a lot of gay things", "thats the only setting i see", "Double jk canceled eatch other out", "<a:cz_thinky:590238461651582996>", "u hoh https://cdn.discordapp.com/attachments/344959314953371649/796435607768793118/unknown.png", "someone give me award", "whats a cpu?", "I can only have 3 tabs open before my ocd starts to go insane", "THAS LITTLE ASF", "THAT MAKES ME MORE WORRIED", "specefic*", "yo im back", "it actually has flavor", "broo", "dudee", "no YOURE ew fred", "i forgot what theyre called but they look like corn", "Yep any mod can quote", "why does it deadass look like that man", "don't know", "Sudoku \ud83d\ude14 \u270a", "physics class was for sleeping", "u damn right", "My what?", "make a bug report", "You can look at the charts fine it's just that one way to get to them a randomly found to be broke this for this week's charts", "oh i see it\u2019s a game", "gotdamn you're fast", "<:monkas:737563930376798319>", "hang on let me do some more calculating", "<:pepegun:737571357541269566>", "this... can't be", "OHHH", "the twist no one won", "bland chords are boring", "Yeah only a few AT artists really seem to understand harmony", "but most of my songs are half assed", "and i don't put effort", "Kakegurui is **MAD**", "SUCH AN ICONIC LINE", "The bot has become self aware", "True, but it's good", "Always hasbeen...", "Wha", "I'm gonna sleep.", "shut up", "everyone wants u to shut up", "vorzl.", "vzl", "and it's organized", "seems like they do given how much they like to parade it <:fullHigh:729029046444359692>", "I am trying to not make my stuff as large as it is, because in the end it just takes up tons of space", "or someone referred me as that", "on audiotool?", "its to good", "bruh", "lowercase >:)", "And then Artemis is a mythological character", "theoretically random would mean theyre both bad", "i forgot", "that's for art", "i got freaked out for a second and then looked over at my cat", "nice", "Why tf would that make you weird i grew up in the 2000's watching mostly vhs tapes", "hah", "<:EZclap:737566655185420348>No", "Those make me laugh", "I have ***nOnE***", "<:EZclap:737566655185420348>", "I don't post hardly ever anymore \ud83d\udc80", "well, it DID before well", "Just kidding go ahead", "{0} I engineered the 808 in the second beat myself!!!", "It\u2019s done now", "*sucks teeth*", "Critics cappin'", "cause it depends on what kinda techno were talking about", "I\u2019m gonna get a volca fm when I get the money", "It\u2019s wierd", "emotes don't exist", "no one has all episodes of hxh", "It's not agism to call someone old, that's just saying they're old", "Jet loves the word chad<:EZclap:737566655185420348>", "i can't do rlly bitter tea", "i love bitter tea", "Oh", "Prett cool guy actually, he gave me a voucher for $100 of wine", "When you unwrap new producing headphones \ud83e\udd74 \ud83e\udd74", "When andre aint wet from the quasar, but wet from u", "Whats Gibby thinking about?", "This seems to fit any context", "OMG I forgot about <:bigplay:559528452902879233>", "<:cozypoggers:792905466506248213>", "I asked her", "I just discovered these today", "But still", "I had to rummage in the darkness", "at least ep 1 is", "(for those who play DnD that is)", "I think I know what your problem is.... You need to turn the feedback down on the reverb my guy <:superwheeze:464314501156700162> <:at_reverb:713165975704305745>", "True as well", "pain", "#cancelro- Oh wait nevermind", "and u know irt", "carrot slices dipped in barbecue sauce", "yesir", "tardemis", "ur not wrong", "Good response", "its hard for anything that\u2019s way out of left field to be super popular with so many judges", "can i do a top 100", "atday prod badspeak", "step 3, non judges judge the judge's decision", "yeah i was a little disappointed there wasn\u2019t any feedback/judges notes this year", "is anyone able to access audiotool", "We thought about doing just that, but trill figured it would be nice if we just left a comment on our favourite tracks explaining why we liked them so much and I kind of agreed. Now I don\u2019t know if every judge is going to do that but I definitely will be doing it very soon", "crazy", "\u201cnot necessarily a problem\u201d as in an inevitable fact of judging something like this", "Please don't ever let Vulkron judge ATDay.", "I love neuro", "hey lads how are we doing", "\ud83d\ude2e\ud83d\udca6\ud83d\udd25", "Oh crap These download sizes", "yo ag.", "what DAW would you use it in", "with its delay", "so come is vizil", "that guy", "That is so insane to me", "Ew yeah", "wow gr8 joke knuckle", "Mircode is an industrial saint", "masochism <:fullHigh:729029046444359692>", "so wholesome", "<:ArthurFist:604719993321422879>", "any cbt enjoyers in the chat <:fullMed:729029009459118081>", "solda", "Shit", "nah. they're pretty justified", "Cheaper than Ableton", "but I am sorry to hear about this \ud83d\udc9f", "Oh fluent is here", "shush you", "anyone wanna VC", "I'm a Vocalist?", "Its still limited lol", "factual joe", "bluetooth? we just got an alexa", "I think I'm a bot", "<:okay:703736725184446495>", "but here's the catch...", "I'm not interesting or funny in any way", "I hated the fact u had to collect characters", "oh my goodness", "There's some server communication issue going on, I think. Are you in the US?", "fuck I'm out of stupid things to say", "i hate you all", "Joa?", "there are a few", "If there are earthquakes on other planets, are they still considered *earth*quakes?", "<:you:594617627708751872>", "Cripta? Sandy?", "Then...just look at them", "bars", "blueguy", "you missed out on revenue1 \ud83d\ude14", "\ud83d\ude21", "calm yourself", "im in the sTuDiO", "bruh someone made a PS3 port of mario 64", "or emulate audiotool", "Notifs are kinda fixed!", "when there are no currently know issues <:PauseChamp:786812056560467979>", "https://cdn.discordapp.com/attachments/344959314953371649/797700167423229972/image0.jpg", "I got this activated charcoal powder stuff today, trying to whiten my teeth", "it's nice", "\ud83d\udd28", "something along those lines", "Whoa", "Or have shit to make", "for dinner", "make me not hungry", "I wouldn't know", "might find a couple of crumbs on the ground", "Fuck them, theyre scary", "Irl", "https://cdn.discordapp.com/attachments/344959314953371649/797729594114965544/2463.jpg", "rei slide rei slide", "*strums guitar*", "Quote as in <#328701300617248768>", "Trap is ___", "alright", "fr", "fr this bot has been hyper aware lately", "super scary", "Go ahead", "mosty crazy too", "my cat flees (understandable) and i submit to his reign over my sleep sscedule.", "bottle of scam", "huh?", "https://cdn.discordapp.com/attachments/344959314953371649/798214829973438474/tenor.png", "<:kekw:798212653130317856>", "emote", "thanks", "someone was about to say something about the pope", "i just hit my bed so hard holy shit", "come google", "\ud83d\ude22", "if just be nice, and not be stupid it could work <:happymorning:782497483070111784>", "an organ", "thats dangerous", "fine", "the thing is", "roy the pic isnt loading but i already know you trolled me", "gross", "this emoji is ass", "furry", "even if you were a furry, it's none of my business lol", "what the frick is wrong with you???!!!?", "insta is trash to me", "Whoever lol", "Whats up", "I don't, no.", "eating a burger with no honey mustard", "just me speaking on this, its what id do \ud83e\udd37\u200d\u2642\ufe0f", "we just dont know bc its private", "ok ok imma going to sleep", "OH FUCK", "ITS SENTIENT", "i know what i'm going to write about lmao the problem is doing the writing", "all good", "Ohh", "i just feel like +0.01dB should be clipping", "I can play it just fine \ud83e\udd37\u200d\u2642\ufe0f", "Maybe like some months ago they happened every once in awhile in 2020. Hasn't happened yet in 2021 tho", "oh", "lemme catch up \u2026", "I'm not a dev, but I'm a mod.", "Ah hahaha", "I lurk a lot, but respond to pings \ud83d\ude42", "he's a mod of AT", "of*", "i dont think i have seen a guy use a gut knife in real life", "Wanna see me speedrun", "I never had to worry about zoom lol", "<:empty:748051613612114020>", "oh no", "provolone sand witch \ud83e\udd23\ud83d\ude1d\ud83d\udc4d\ud83c\udffc", "Into coming", "why are you coming", "no come", "Stronzo", "I have the keyboard upside down", "bout feet??", "I don't watch henty cuz its weird", "um how lol I love my mom to death.... unless you talking about some creepy love", "The child just sucked", "you're fine roy", "<:maruoGun:585867014950748233>", "diarrhea", "hi", "mmm fart", "I have been super tired lately, feeling fatigued", "Excuse?", "I fell asleep around 9 last night, woke up at 7 this morning, fell asleep again later around 2 ish and woke up at 4", "Rude.", "thank you roy very cool", "I just want my slab", "{0} has let the staff know she wants to be referred to by she/her pronouns. She's rolling with Marine as a name!", "it's not a spoiler boi", "i had to use it because i was doing exactly that", "i just saw your voice feminization thing", "for fucking real", "lifesign of the new engine: Hello TB-303 https://cdn.discordapp.com/attachments/344959314953371649/798952000879853578/tb303-processor.wav", "\ud83e\udddf\u200d\u2642\ufe0f", "murkoden was right tbh", "<:oniontool:569555272683618307>", "SID SHUT UP CHALLENGE (IMPOSSIBLE)", "Time flies", "\ud83d\udeab se", "She\u2019s watching...", "That's amoreeeeee", "woweee", ">reddit <:cringechamp:775864001204584469>", "Might go", "shreik", "This man really said", "Yessss", "F in the chat for Clifford", "I lost a lot of oxygen reading that", "Oh dang", "\ud83c\udf2c\ufe0f \u26a1", "Call of duty level?", "shut", "Wasen't", "fuckin google it", "You ever had dreams inside dreams", "It was a nightmare too \ud83d\ude2b", "thats just being grumpy chief", "doodoo", "NO", "my steam libabry has a LOT more", "But my laptop is like hehoo can\u2019t connect", "I am laptop", "probably not", "idk how to see if there are any updates I need to install", "so sure", "ok sonic are you sure", "what", "and oof there's no MW2 servers active rn", "he agreed to the tos when he joined, any breach of that will result in a punishement", "wait fr", "nevermind", "<:upset:682757112614748170>", "Vagus*", "it was wild", "don't be picky", "no I legit thought you meant it was yours", "<:gremblo:646925440878903316>", "Bro", "I play roblox", "\u2800", "https://cdn.discordapp.com/attachments/344959314953371649/799333746620760064/levelup.png", "Did you set it to all?", "yes", "these all suck", "Looks like this https://cdn.discordapp.com/attachments/344959314953371649/799340126957994064/unknown.png", "gg", "<:woaj:479128674067546113>", "Audiotool down?", "mmfff yes such a fine texture https://cdn.discordapp.com/attachments/344959314953371649/799397184617316362/iu.png", "most of AT are 12 y/0", "lol its a discord server", "He knows", "that sounds really good tbh", "It\u2019s like the whole grain flatbread thing all over again syn", "yes yes!! i was just doing a quick reply :) ill mosey over there and write how it went", "sorry for interrupting, do c onversate abt bread", "quiznos is literally subway that gives you less food and costs more", "I could break the rules and make my essay about sandwiches <:fullLow:729028897957609473>", "have not heard of kewpee", "it's pretty local afaik", "What part of Michigan??? I lived roughly 20 minutes away from Kalamazoo", "the fries are mid", "five guys cajun fries are just way too good", "everything from mcd is the absolute worst", "what's wrong with onion rings tj", "fucking delicious", "same sid", "it does make your breathing like", "well i might try it then", "no no i like onions", "i fit the definition", "FUCK WAIT", "I'd rather not have the tomato but I'm not picky enough to ask for a burger without it", "all the burgers I get from restaurants are fresh though except for sometimes mcdonalds", "no salt please", "I actually don't add the salt at all because I genuinely like fries more without it", "honestly fake coconut tastes better to me", "I drink coke", "or grape", "I prefered strawberry chips more", "i still don't like a lot of it", "Wym it's good dude", "it's ok", "people that use ketchup on everything disgust it's just not that versatile of a condiment", "soooo what we doing with {0} boys?", "lame ass", "bbq pizza is good but I can only handle a couple slices of it", "i can see bbq pizza", "syn", "fr? I didn't know it was that hot of debate", "It's the best", "U on some other shit tonight", "Nooo", "yeah", "o yeah", "They are p good ngl", "how do you feel about ryan reynolds owning mint", "roy istg", "we all saw that syn", "every banana", "Research", "but essay is finished so that's cool", "Man, i would love to eat my addiction", "also im tired of this cat pfp", "Crop this and use it as a pfp lol https://cdn.discordapp.com/attachments/344959314953371649/799683695535194132/20210115_105705.jpg", "my voice is kinda sore rn", "Joe is on it too i think", "Bit of a shit game only thing that saved it for me was the enemies", "https://cdn.discordapp.com/attachments/344959314953371649/799706954946838528/horney.mp4", "stop ur going to make me act up", "Who twerks these days?", "It's just plain bland", "say sum dumb", "who the hell shits outside at the forest?", "nice dog", "i think so yes noir", "I'm not lovin it", "matter the fact", "We WERE going to roll out an AT server, but sonic couldn't get it to run on his PC, sadly", "assuming the update doesnt get delayed", "fug", "yoyo I've got just the yt channel for you", "not nice", "might as well be instant death", "idk that was pretty good", "tomatos are fruit i think", "that's a whole thing", "hot cereal makes me feel wrong", "Oh no", "noir I'm surprised you have this terrible take", "Sausage roll, straight up", "This... looks like a donut", "and vodka isnt even russian", "beer has flavour", "Guinness Stout??", "actuall dog ass", "you missed the second question lead", "literal cheese slices strapped to the bottle", "that is fucking gross", "maybe I will", "i hate mosquitos", "maybe but I'm not actually noticing a discernible difference", "I simply have no idea how the waveshaper works", "I shape the size of my drumstick", "so I wouldn't know", "I do that sometimes", "the one thing that always bugs me and most people are guilty of this", "Same", "I'm not getting the exact right sound for them but I was never that good at dnb snares", "what are we talking about", "Literally I cringe when I hear trap kids use that one snare", "and it sounds pretty cool", "smort", "automating is hard for me", "WHAT THE FUCK", "get it away from me", "lowkey disappointed", "compressor or gate?", "it's digital anyway <:sporesonic:681958044367585280>", "trill-pix", "i said some slighty dumb shit on his wall", "trill-pix was the second at drama and the first personal drama for a lot of people", "But you can't just sell the original thing for revenue if it ain't yours", "I think it falls into our ignorance more than a loophole but yes it does suck", "and we didn't use them out of ignorance", "took me 5 just to get good at arranging lmao", "I'm only good at playing recorder : (", "oh my fucking god", "anyone having issues with the sample library rn?", "nope", "servers might be taking a shit rn", "seems like a bug on my end, it's working again now", "Please don't take my guess seriously", "hru guys", "u tell me chief https://cdn.discordapp.com/attachments/344959314953371649/799853186348482570/7067209-1217323918-c5c2b.jpg", "literally have images of Rangiku Matsumoto in my camera roll", "oh really?", "ew", "betttttt", "thats without running the water", "to save humanity from shit like mambo no 9", "i think hair is dope", "so no hair", "honestly blonde guys are also hot", "is it a dangly hoop? <:pepesus:768715621244207114>", "hehe", "but id def say im pansexual in a heterosexual way", "omw", "noooooo", "things get scary quick", "i black out and become somebody comoletely different", "from a movie", "Fair enough", "that's what scrolling through reddit is like for me", "brute force", "lol YEET", "GN everyone boitta pass oit", "yeah doesnt count", "cots are cool if you get a good one", "holy shit https://cdn.discordapp.com/attachments/344959314953371649/799889586712084481/unknown.png", "use a knife to poke a hole and move around the edge", "THIS IS COMEDY \ud83d\ude02\ud83d\ude02", "I REALLY want this can", "ayee heyo joe", "TIN FOIL FORK", "take the hammer", "oops caps sorry", "DOORDASH", "ARE YOU", "DUMB", "that can aint worth it", "my diaphragm is going to explode", "thank fuck", "french uses the same letters as english", "What i miss", "gun is the only remaining option", "but it aint gonna be open", "my god", "The hammer is stuck", "Get him outta here", "dude that looks like diarrhea spaghetti", "thank you", "{0} slow", "https://cdn.discordapp.com/attachments/344959314953371649/799910618466746368/image0.jpg", "who's down?", "ur mom be hitting deez nutz", "I'm changing my bloody character", "Hi", "GUYS", "yes there are", "Why is life without a can one per so hard", "\ud83d\udc94", "take it easy", "mhm okay", "haven't done a collab in like 3 years but that sounds about right", "i did nothing wrong", "Guys", "There is actually a bit of people from Audiotool form ohio", "all I know is kib", "Move a muscle, it breaks and you get frost watered to death", "I meant the gold ball.", "Yeah, hold on", "funijok", "I went to go see a psychic last week", "I got great piano", "Canadian deez nuts", "She's drunk", "destroyed", "SHUT THE FUCK UP!!!!!!", "shut up and eat ass", "<@!719741877548482610>", "<@!719741877548482610> You said you wanted me to ping you randomly?", "united nation?", "they did it", "fred was like .....", "so i deleted it", "we at the combination pizza hut and taco bell", "I'm pretty", "its literally 2 am", "ye tell us", "this bot has dark humor", "kurp", "they were once best friends. allies", "hes changing the subject", "SONIC", "OH NO", "no way, you stream?", "<#507376164302749706>", "Sonic, you evil", "ok nerd", "o", "I got jumped", "They got jumped", "sounds great.", "Hi fourth, how are you buddy?", "yo", "Joe i seriously just got out of the shower lmao", "like jack stauber", "whats funny is that the servers were active today, just got done playing on them", "Roy please stop", "NOT BANANA", "I will not say that single letter", "nah he's a pop tarts salesman", "Yes, let's get mathematical in the general chat", "simping for vampire lady, are we? \ud83d\udc40 lol im simping for Rangiku", "my fav anime is caillou", "what's ur fav manga? mines the orange one", "i dont tho", "i sharted in my car b", "I made a shart rap", "don't forget", "ngl that chicken do be looking good", "I once dated a goth girl. I really did, it really happened. Like, long, black hair. It was crazy. Put a twirly on it, but she didn't like that. I did it anyway 'cause it's cute. And she may have like- I don't know. Maybe it was not okay for me to do it, but we went to this park one time and it was supposed to me super romantic, super cute, and we sit down with on the blanket and like, eat gatorade, whatever, it was gonna be fantastic. She put her hand to my forehead, like, just, boom! Hand on my forehead! She read my aura, and you know what the aura told her? It was my aura was not compatible with her and it was mostly not compatible with her ex's. And, so, I was confused, I was scared, I was worried this girl's gonna like, knife me in the face? I don't know what goth girls do. And she told me that her ex is an archangel. I don't- I don't know what an archangel is. It honestly sounds like a Magic: The Gathering card, that's all I know. And she told me that her ex is gonna kill me 'cause he didn't like my aura. Now, to this day- its been years- that guy still might not like my aura.", "ikr", "you know who i like..", "that dude", "Yes.", "to let u know", "yeah it's pretty bad", "i can't get the shot he takes for them yet because you have to be 18+", "got a flat tire today \ud83d\ude0e", "tj is younger than I thought", "even compared to other daws", "Dunno what the point of the stompbox would be over the other one but hey", "True", "Dm me", "who eats sugar raw?", "so that means coke is healthy", "i\u2019m not arguing i just don\u2019t think the logic is clear", "that feels too black and white", "okay", "it's not a car...", "it's a gaming mouse lol", "bro do u like sicko mode?", "ok i never said that", "i like him as both", "have u even listened to pick up the phone", "no my humor is", "Me. ^", "But ok.", "about going to school", "well i do sense something", "let be honest", "https://cdn.discordapp.com/attachments/344959314953371649/801217588465631242/Screenshot_20210119-163202.png", "I bet its okd", "LMAO GET FUCKED LOSER", "gottem", "lol sex", "roy why", "No not really", "Bruh", "Hah", "https://www.reddit.com/r/TheLetterH/", "too many", "Music made when the producer is either tired or depressed, basically", "I really like making tracks based around pictures I take", "sure buddy", "using samples is not real music?", "oh wait i thought you were asking", "alergy", "wanye kest", "I honesty don't know", "ping them its fine", "Everything", "Which isn't cold to some, but it's cold as fuck for Texas", ">lead<:PepeWrite:750120178012127243>", "man saying he can fight 2 v 1", "what?", "what does that mean", "He knows it was you", "o no", "Asshole", "i want to make amends", "Sorry", "me <:fullHigh:729029046444359692>", "bot aint tryna beef today", "SHIT WAS SURREAL", "it would take me a long ass time to write out everything but the basic rundown is as follows", "Dumb trap kids making alt accounts and faving their own tracks", "Ay speaking of which...should do an investigation on that", "yo shii? meaning yo shit right?", "most people do that to an extent believe it or not", "i heard ur the master of chopping samples", "its ||shart|| rap on AT", "in school when i used to say dumb things out loud", "tbh i want someone to rate vizils music", "we didn't understand you enough", "pretty much yeah", "Why leah what made you think that then type that?", "qooq", "there's so much left", "everyone want you to shut up", "whaqt", "Best not to", "Crust move against crust", "Pls no", "means enjoy your ban", "you also have access to eggfull now", "So last night I went downstairs", "well why am i asking that", "the real story is i took out the trash", "he ruined it", "\"serious roy\"", "same i got places to be", "SERIOUS BRO", "thats what", "lol", "ok but fr i joke alot", "probably the reason why it took him over an hour to open the tuna can", "emphasis on gross", "and I'm gonna eat 'em both", "that's part of it", "am i that ugly", "nah it's fine", "I was inspired by him at first", "yeah music is amazing i love making it", "yo {0}", "because its the way i use it", "i used your drum fills", "oh ok", "even i made chiptune o nAT", "yeah tj pretty younf", "I am eating Ramen 12 at night, lol", "give sun chip", "Basically I put everything in the kitchen into my Ramen. I like to experiment.", "sonic", "will check it out", "LMAO", "what's the cause of your pre-established dispositions toward perceiving things in a certain way?", "why woudl you even consider it you vampire?", "could you not", "srsly", "They also made Spider milk", "nooo it's not at *my* house", "it's at like this shack we use for when all my friends and i get together", "america", "even bot is still mad at him for bringing up ||spider milk||", "I follow the rules on this server pretty well", "But sadly", "oh hi", "the chicken is pretty wet I won't lie", "I write stuff down even if I have no clue what I am talking about lmao.", "damb", "how do u still remember", "<:averageenjoyer:784265069071433809>", "Look roy", "100%", "yeah i have down syndrone", "wait it is", "that would be pogs", "but the d is replaced with a c", "my mans just roleplayed.", "He shook from the loss", "100 points to griffindore.", "Banned to the shadow realm", "im rapping rn", "im going to get high by boiling something", "Idk about Aus tho.", "<:eyes1:696820995498967211><:eyes2:696820995381526668><:eyes3:696820995494772846>", "Omfg", "plural of german", "work joe is second best joe", "probably impossible to predict, might not even be comparable to other accents", "when it's used as one", "<#344960356063379466>", "wym", "dead meme", "and i would probably get a asswhoopinhg", "roy horny", "fine i did it", "would the AT team be open to ever releasing some of this info out in the public? i find stuff like this incredibly interesting, and i know some other people here do too", "more like game*go* <:superwheeze:464314501156700162>", "uh yea", "Idk it just depends", "just god off a call with my dad", "I made something amazing", "That is a really episode joe", "when tj is sus! \ud83d\ude33", "Friends with a bot", "damn", "We're the same person now", "Nah I was just sayin the name", "Is cul", "Just shoot the guys", "I'll take you up on that offer", "Ye know?", "Of course.", "that should fix them", "I mean", "hey Roy hes gay and that's ok", "you ever have cheesy broccoli as a kid?", "im sorry man", "alfredo fudge <:fullHigh:729029046444359692>", "\ud83d\udc4b", "baklava is gr8", "the cake was basically wet", "Oh, you like kanye? Tell me then: who was in Paris?", "this is the saddest day", "the hide feature isn't always effective, people still have habits finding tracks", "it was the worst voip when it came out", "There's some juice so it's working https://cdn.discordapp.com/attachments/344959314953371649/799898578621169664/20210116_001111.jpg", "if its ur first time in the channel", "but most people don't read rules", "<:pepeyikes:737564014900543498>", "its there", "if you're gonna live in a tiny one floor house live in a cabin", "tf do you mean what", "adding vanilla to an ice cream mixture is not a very difficult thing to do", "is it easy that even i could do it", "<:milkthink:679807989544517634>", "gen3", "Shutup", "Gn", "what a weird hobby, testing the mods of an online community", "time travelers", "if i even go near my door im going to drop dead from hypothermia", "login logout", "celebrate can mean mourn too", "theyre making it seem like Kong can literally beat Godzilla.", "Now if they made another Pacific rim , with Godzilla fighting off the Kaiju, then id waste the money.", "no its a funny quirky lizard wish beam", "He did stuff a tree down his throat 50 years ago", "Kong fought off two T-rex in the last movie so..", "LOL", "roy = ass", "he's dissing me", "shet meme https://www.audiotool.com/track/nklimvg57/", "i did not listen to em", "bot wtf", "He says the dumbest crap I every heard a kid say", "I'll send them a link to every one of my songs in individual comments", "Like I understand trying to emulate the sound of another artist, but if that's all the track has going for it it's useless otherwise", "https://cdn.discordapp.com/attachments/344960356063379466/803086006000943104/hqdefault.png", "dudes skin and bones", "have u seen what he looks like?", "I read \"22 of Jan\" - plusminus timezone this was likely Thursday and that the day where the charts are recomputed. Did I miss something?", "with all those boobs she has", "why are cooking videos the best videos", "https://cdn.discordapp.com/attachments/344960356063379466/803169847621189642/4k0w7k3a0t461.png", "Because it's hard to obtain copies of these papers?", "This isn't even-", "not gonna talk about it though", "And after that, more sun \ud83d\udd06", "\u2600\ufe0f", "I need an AT mod", "What\u2019s up", "oh sweet", "Knew it", "Kai is a dev btw and probably very busy, I think it's best to use the reporting function than to ping", "but", "Joe sthap being a hypocrite when you joined when you were a child lol", "it's also kind of set up for failure without a label, but labels fuck everyone over", "Why is he called super*man* if he's an alien?", "you mean everyone on at uses AT wrongly?", "damnb", "everyone on AT are fucking children", "XD", "to be more specific, minatory", "jet selling out he's getting merch \ud83d\ude14", "you should make dubstep like Client does", "im not kidding", "Like a mambo vs a samba vs a rhumba has a lot to do with phrasing but the phrasing changes because of the rhythm", "they're stupid lol", "And what defines \"EDM\" is also dividing it", "Lo-Fi is Hip Hop", "Lo-Fi is an adjective But it's a genre when the meaning of \"lo-fi\" is very prominent in a track, i.e, vintage/low quality audio", "Im being dead serious", "you know there\u2019s no hi-fi button on the centroid man", "im not fucking trolling", "but there still may be higher fidelities in the future so retrospectively today\u2019s music may be lofi", "looking up the term", "what would music even sound like", "it\u2019s past the point of even having a recognizable fidelity", "that\u2019s true joe but has there been a noticable uptick in sound quality in the past 20 years?", "im pretty sure its just gonna be like 2020", "so can u make ur music on AT hi fi or lofi", "I've been so inactive here lately ;/", "pog", "hmm", "not sure i totally get u", "he\u2019s been an audio engineer since the 70s", "where should i send a recording of me asking him abt it for anyone who\u2019s interested?", "https://cdn.discordapp.com/attachments/344959314953371649/803361286342705202/hifi.m4a", "https://cdn.discordapp.com/attachments/344959314953371649/803361874854412329/hifi.mp3", "A little note about recording samplerate, I think you should use as high of samplerates and bitrates as is reasonable in production. Artifacts tend to compound, so even if you can't hear the higher frequencies, they can still have a significant impact on the final result, which you would typically output at a standard samplerate and bitrate.", "there are in fact benefits there besides what you can see", "I guess if the game actually processes game ticks synced to the graphics, that would make sense.", "https://media3.giphy.com/media/1wpxFRGw0HhLwqvMz8/200w.webp?cid=ecf05e47a6lk97k2cnu2rzen171pspccekddtk1iw6r8d9lr&rid=200w.webp", "ye, but reporting is always the first thing one should to. If that doesn't help or there's imminent danger, pinging is ok.", "<:at_machiniste:713174658077294633>", "cant most or all vpns do that", "You have no idea how often someone thinks this would be a wise choice \ud83d\ude26", "no memes in <#344960356063379466> \ud83d\ude21", "{0} ty", "moonshine was illegal like during the 30's right?", "Indoubetebly", "**I feel pain inside**", "I feel like trying", "Sounds like good ol' agony", "im broke", "That's a bit harsh", "I got another notification today that the charts updated", "in a good way", "how u feel", "Making music lately has been really fun, because every time it's like lifting a big ass weight off my shoulders", "bruh u play instruments u made letter to the sun", "not really", "idit", "the newest ones don\u2019t even let you do that I think", "im having a blast", "is probe still not working", "joe", "I'm doing alright :)", "teacher nearly caught me lol", "oh ok leah", "kinda hype", "it's gonna be a giant letdown", "Try wave but with no samples", "You don't need heavy", "Wh O", "What is happening", "A clutter of topics, floating atop the general channel.", "ambience is hard lol", "i used milk <:pepehands:737563986584928336>", "We have the meats", "good cuz i was about to go to disturbing detail", "don't yikes", "**did i succeed ?**", "Oh jeez", "\ud83d\udc4d gr8 job", "Tj really said", "{0} lmao weeb", "\" i like dick, but im not gay \"", "https://cdn.discordapp.com/attachments/541745448801533969/803747797606203402/video0.mp4", "6 dogs?", "shiney please be respectful. an artist people cared about died", "Lmao", "personally, i didnt like his music, but a lot of folks did and thats worth something", "oh no wait", "this bot", "I spent the whole day making a THIRD new video", "number 9", "such as drake", "he's red like my red lizard oc from 3rd grade", "{0} Sorry bud https://cdn.discordapp.com/attachments/344960356063379466/803824206181302303/2813721-2785618-undertalepolitics.jpg", "rhymes so sharp they cut ya like hot knife through butta", "I got so much money tho", "you shut up", "That's right I was there when fire was made I am a titan! I go through history in spades I bring you gifts from an ancient era called \"The last good rap you made!\" It really is a shame That it's been s long gone, but can you really be blamed I mean after all anyone would drop the ball, maybe even go insane If the had to compete against me, I would be their bane So you may play your game while the big boys rule *every* age!", "You", "shut up roy", "sonic I saw that", "Wtf, I literally have been listening to Sonic music for the past 30 minutes ish", "I just been on the worst discord server ever and it was fucked", "RLTRUUEEE", "Yo syn", "Fuck I meant west", "this is not a pog moment", "There you\u2019ll find a clone factory", "Not sure why though.", "Its not supposed to \ud83d\ude1e", "boom problem solved", "Wdym that's the usa", "ye", "I don't understand how that can be on \"drugs\" it's not like sila's music which is literal drugs", "plenty of people like that", "that explains it better", "Idiot", "well maybe you dont have epilepsy", "{0} I can still see them", "ah", "Not if you're not the original message poster it seems", "theyre already gone", "you know how when you hear a song ur working on over and over again it stops sounding like music", "or if you make it really quickly lol", "i bet it wasnt awful", "FUCKING FL", "how did you accidentally make metal", "I resampled a riff into a vital preset", "there's something called hypotropic breathwork which can bring on dmt esque hallucinations", "there's so many neurons in there", "how many holes does a straw have", "1", "we are not fucking dumb", "ad hominem ad hominem", "I seen the music vid", "Your mominem", "I jealous", "i cant believe myself", "Like some of mine or nauts", "jose", "I think you already know", "You probably forgot", "You're welcome sim <:EZclap:737566655185420348>", "Hot", "\ud83e\udd21", "OH", "I will eventually", "After I make 5 or 6 more", "nice 1 dollar bills", "Stop lying", "The line is my phones editing tool, I misclicked the pen marker thing", "wow", "you have to choose manually after 1/16", "so it would be a neat way to look into ideas, and if people react postively or negatively to them.", "Noted. ill keep that in mind. \ud83d\ude42 And thats fine, again, the studio is usable, just helps with added workflow. and its been a bug for some time.", "Gotcha.", "Sounds like a bug - how long does this persist?", "and the exporting, now that I just double checked", "Yeah man Tough times", "Stop sign", "Yeah", "oh no not this again", "I saw a post of someone who went in $800k on the GameStop stock", "still you", "That's fucking hilarious", "He's gonna destroy Google", "Zerod the movie on Bandcamp", "I don't fucking care", "EUROS $#!+", "FUCKING BUCKET HAT", "Ohio isn't real", "yea same", "AT mattress when", "almost worth an eggpog", "So many colors", "AT Sex toys. wait.. that's maybe too far", "lol alright", "I'm gonna buy the whole storeeeeeeeeeeeeeeeeee", "AT headquarters", "AT headphones when", "jordan has one iirc", "if its a mic thats not attached to a headset it will work", "yeah that's why i cancelled my membership", "Living atleast one decade should be illegal", "where did you buy them", "ive gotta get in on this", "im not sure", "people had to mute me", "cuz my mic was loud AF", "So I would just stick to this mic", "<:pepesus:768715621244207114>", "Good to know", "nah that one aint dead", "ish", "low might go to 20/30", "one day he will grace us with his attendance", "<:happymorning:782497483070111784> omg", "wait sid", "andre watched the batman vids", "https://cdn.discordapp.com/attachments/344959314953371649/804409971163922502/levelup.png", "Get that shit out of here", "Playstation gang \ud83d\ude2e\u200d\ud83d\udca8", "roy: doNT BAn M-", "Yeah \ud83d\ude14", "I'm currently not", "what if i use light compact", "im so lazy to", "need additional channel #among-drip-gaming", "So it\u2019s not that big a deal", "Not actively. Martin said it would be unnecessarily hard to re-integrate their services after that change. I don't have details, though.", "Went to incognito and it's still the same", "my buttons are missing right now as well", "thats a short one", "can protect my whole face", "we cook our own stuff a fair bit, we just dont have any special clothes for it", "many applications", "this whole convo is built generalizations, which is not inherently bad but should be acknowledged", "i used the plastic thingies too maybe i should grow a beard", "imma eat when i get home i think", "Who", "no drama here", "they give me 20-something vibes", "\ud83d\udc40", "She did come back not that long ago so your theory is iffy", "welcome {0}", "may you confirm what your original account was", "https://www.audiotool.com/user/vividvisions/ ??", "im one of the developers", "hey joe, hey opi", "why are we confusing the new member", "I'm Kibbey", "let us commence forth type beat", "the goonys", "hb", "<a:acelebrationmomo_lnd:420028814400159745>", "dAMNNN bot got u", "not sandwhich", "<:pikah:736985782572810460>", "WE NEED", "im still burger", "I require *red* as my color", "the buns are coming", "where is roy", "WE ALREADY HAVE CHEESE", "get in line", "we becomeing brugr", "bbq and ketchup works", "bruger", "same", "https://cdn.discordapp.com/attachments/344959314953371649/804471919008284682/1.PNG", "https://cdn.discordapp.com/attachments/344959314953371649/804471936289079306/2.PNG", "jesus christ", "Ill be pickles", "And i'm white sauce <:fullLow:729028897957609473>", "there", "WHY IS THERE ROAD KILL", "really", "please \"MOO\" in the decency of the cow", "get a larger screen", "Just stay", "that is gross", "I've seen 17 in voice chat here before", "Also oof", "<a:crabbydance:531233158532956160>", "yo its vulkron", "welcome {0} ! please read <#317447437650231296> and <#683882299414413355> if you havent already", "You can still talk to him if you add his tracks to an album", "It'll be only samples", "Why-", "Lol just had a mask fight at work", "*why haven't yo-*", "recently", "it's honestly kind of depressing to see", "yeah exactly", "lmao", "uh oh", "can I give you a 1-10", "everyone likes to think that but if it was so common it wouldn't be a problem", "\"Bro you could work harder on ypur music\"", "hoh?", "bruh these bots be crackimg me up", "what's your best track", "Oh crap", "damn the fuck", "eeeeeeeeeeehhhhhhhhhhhhhhhhhhhhhh", "hes been openly toxic not only here, but also to producers on his wall", "school sucks fat ass wiener but it is what it is", "Your a senior right?", "\ud83d\ude02", "7th here we come \ud83d\ude08", "wtf", "like", "i am rn i mean", "HI CLAUDE", "Thats not how i see it", "For example, i was in better physical shape in football than i am now", "deterioration can often be avoided by going to the chiropractor every once in a while", "Nah lmao", "which honestly might be why im socially inept", "Thats a mood", "Where exactly", "My ss number is 647-69-4279", "I use snapchat", "true", "misispispsipsipsi", "i am a noob", "so i can see what the fuck is that snapshot about", "And mixing?", "Sure", "{0} get *something poetic* and sonate", "BALLSACK TREE POG", "wait, is it badly or bad? I was also probably messing up word order, sorry about that.", "One bad thing is that I feel like my Slovak is degrading a bit. I pretty much think in English by now.", "Quick question, do you guys enjoy my work streams? Or are they annoying", "idm", "udm tho", "I didn't think it did but apparently it does", "and there would be capitals", "I is about the only letter I do use a capital for", "apparently I was in this server already", "2/2 is essentially a half-time *feel*, but the length of the bar is identical", "note value =/= bpm", "pulse is whatever the metronome gives you? (i.e. bpm and usually constant?)", "never say impossible, you can mathematically find the signature for anything given enough time as improper the signatures might be", "<:heavysweat:695730648400527420>", "the first thing they make you do if a classical musician were to go to cuba to learn bata drumming is they would make you dance. dancing is how you feel the beat. it's all feel and not definition in a western sense. they have their own rhythmic concepts that are inherently free from conceptual frameworks like meter or time signature", "sure! and not having the framework at all can also lead to the same rhythmic instincts", "babies flipping love a good dance", "the norm is the exception. i've transcribed quite a lot of elvin and learned a lot from his playing. elvin's subdivisions often don't add up. often times metronomically the quarter notes aren't where they're \"supposed\" to be. and if you look at his playing in relation to the rest of the band, everyone is feeling and playing the beat in slightly different places. if you were to classify these irregularities as \"errors\" or \"wrong\", elvin jones would be the worst drummer ever. but he's not. his playing is powerful not in spite of these \"faults\" but because of them. the thing that hit me like a ton of bricks is the fact that time is a continuum and there's no such thing as discrete or \"constant\" time. the only fault is in assuming that the framework is correct and anything that doesn't fit is wrong", "if there exists a meter for which a repeated rhythm divides nicely, then a meter exists", "until it impacts how you write music that is", "sorry vizil", "uh", "oh! deja vu!", "You can", "Well, beats being in the UK", "To hot", "Today's a bad day for you", "<:fullLow:729028897957609473> I love my name", "Speed.", "Get over there", "mathematics", "He said the thing", "i don't know the articulation you're talking about specifically but vaguely relatedly, indian classical music has a whole theory of articulation/embellishments that's much more fleshed out than any western classical theory of articulation. it's considered as much of an integral part of the music as the notes and rhythms and stuff like that", "Is that the kind of thing that you wouldn't find in notation, because it sure sounds like it", "Down to the discretion of the player", "Suspected as much", "but I am thinking as far back as baroque", "huge concert halls, the gentry paying huge sums to watch", "There is large market and the industry that provides for it", "yeah I don't agree tbh", "I think of the interactions between all the different parties involved in putting on a performance as industry", "Damn bro rip cicely tyson", "whoever named that is a sadist", "dangerous to your house", "Helll nah", "PNWers *hate* spiders", "when you say BC do you mean BC actual or just the coast", "you are lying noir", "Patreon kinda getting... googly lately", "Very fun game", "love me some CA", "based god gamer maidboy opened my mind again", "\ud83c\udf9b\ufe0f", "\ud83d\udeaa", "I completely forgot about that wow", "I eat lemon slices and they're good", "try it", "Im not that guy", "oh he's doing it sick", "<a:peep_what:646897934671151115>", "Flamingo", "<:sporesonic:681958044367585280> I like that game", "<:satesatesate:793565179681964052> <:satesatesate:793565179681964052> <:satesatesate:793565179681964052>", "we have history (not that kinda history you dirty minded people) she is my ex, but i still feel some type of way, shes hinting at it as well", "FUCK", "3 years old", "well, i should nod off to sleep night night all \u270c\ud83d\udc9c", "cuz it seems hard", "pls follow", "well yeah, i should use my AT account more", "thxxxxx", "yeah have you ever heard of a mug cake?", "ll", "that\u2019s a refrigerated cake", "damn i woke up an hour ago", "fail", "10", "The sparkles are super cute tho<:pepehands:737563986584928336>", "im 17", "I HAD THAT YESTERDAY", "Its common in canada.", "i thought it was popular everywhere", "I\u2019ve had both and they\u2019re great", "i plan on playing minecraft with my brother today, if you wanna come join just shoot me a DM lol", "nono, you got a point", "I dont really like minecraft because its boring but if friends want to play it I will", "Huh?", "im figuring it is.", "why can't I find it in search then lol", "share share share!", "im in a call with {0} so if you guys still dont believe me then....", "Im asking fam, just gotta make sure its still a joke, or if its somethign you want", "Its been mentioned before.", "sad boi moment", "but yeah good morning", "They don't have all my emotions tho", "that's great and all, but who asked <:fullLow:729028897957609473>", "yknow how people think my logo looks like a pug?", "Ehhh", "wassup pardners", "But idk if it's a big reason ykwim", "No I'm not", "Ok", "Become a lemon fiend like me instead", "I'm glad u care though", "I have willpower though that's how ibquit smoking", "bonkers even", "all five hands", "fuckin", "Cringiest maybe", "fuck you", "bruv", "i though i deleted it but it was in my drafts]", "copyright is my fear", "I'm arguing with you jaaydnn lmfao", "https://tenor.com/view/tuga-numeiro-gif-18302117", "or make tiny edits that nobody notices or cares about", "Since it isn\u2019t theft", "If it talks like a troll, argues as a troll, ...", "<#797529147211644928>", "what was the cool thing?", "{0} can I get a raise please. Cleaning the broiler and the hoods is really goddamn nasty.", "as a counterpoint to this you *are* having this conversation rn", "yeah well", "I am \ud83d\ude08", "you literally cant do anything", "Search looks through all post history", "*if they don't know why would they check the roles*", "its why id check", "no problem going to bed early, it only means waking up early", "lemme find it", "mm", "im taking a break from skating for a month", "the poll literally right above it", "Idk why you put the ping separately", "Well, more of we're being forced to have a poll", "what if it's heavily favored like it is now", "And it's been a big *no* for a while", "amazing", "JAWLINE HOE", "chill chile", "chili", "a lot of people aren't comfortable with that word", "I'm like... \"Cheeel? Chihluh? Chilay?\"", "so it stays out of here", "not a good time", "I won't say it around fairy gworl", "do you just not use drums wtf", "I sing and rap to anything", "rawr", "ApoC wins", "mmmmmm", "or food", "dont spam images", "wow noir never knew that you're a sonic fan", "sonic 06 was so fun because of the glitches tho tbh", "thats embarrassing", "althought i will admit it is sad that it did happen that the same", "I found out that i died", "https://cdn.discordapp.com/attachments/344959314953371649/805312048606609448/image0.jpg", "keep it civil fellas <:EZclap:737566655185420348>", "goog crom", "Lol \u2018stop cussing also fuck you\u2019 lol", "ig i made a convincing fake xD", "No I only got sad for a second", "I just know my transformer shiz", "Imagine not", "that aint cool my dude man bro", "i've never played anywhere", "only time i really got was like a very short time with my brother", "i would like to do some jaco type shit on bass", "SPAM MEMES", "new mod here abort abort", "Lol I was looking at other conpanies statements", "Even better", "\"We Exist, I Think.\"", "Sibling Rivalry", "and microwave it", "that\u2019s me in my dream", "THE", "Pass", "I give 0 thought of keeping my shoes clean because they are the least part to stand out", "BOT", "Yes that's happening to everyone rn", "I also wear cloths", "wear nothing", "kinda like armor", "it's not beneficial to see that stuff", "<a:BOOHOO2:732962259482968094>", "oof", "mute him too", "what is going on now", "I'm bored lmao", "im actually using a kindle to talk rn believe it or not", "bruh my computer fucking up mad rn audio aint even playing", "some phones and some tablets are pretty comparable", "and saw this", "If you can make good enough music/build enough connections for people to take your \"side\" then you can become a powerhouse of attention", "aren't you 14 lmao", "gen alpha i think?", "yeah they some weirdos", "YOOO GAMESTOCK!!", "but we do be speaking facts sometimes", "noir gen 2 bionicle \ud83e\udd2e", "\ud83e\udd2e", "what is bionicle? I never heard of it outside of this server", "My ex ex has weird convos", "you always have such a humble perspective nico <:happymorning:782497483070111784>", "Stop hanging out with trap kids smh", "You're music is amazing", "exactly the same with my bandmates", "even in the old days though, i still wouldn't have minded helping people out, ppl just dont ask me anything <:pepehands:737563986584928336>", "I was a dick on AT dude lmao", "I also have been like this but i was a dumb ass instead of an ass", "I was the playground bully on the fucking site 2 years ago", "POV: You're a girl on AT during DJ Anthony's lifespan <:empty:748051613612114020> <:grabR:755150025717186630> \ud83d\udce7", "Hell, join General rn", "come is come", "You better \ud83d\ude24", "Who taught it that", "that was mean", "shake em down", "it sucks to lose faith in a hobby that you've spent so long enjoying", "it\u2019s because you did what you did", "i love it so much but it terrifies me now bc of how badly things coulda went", "i hope you both have a closet packed airtight with waterbottles", "i keep telling myself 'oh im just young, this is my only opportunity to do these things!1! but why? why do i do this shit? idk man", "Non-where? <:fullHigh:729029046444359692>", "some money", "wait is 600 low", "the will of god in your hands", "This is audiotool, ladies and gentlemen", "oh shii", "how", "Let's see how cancellable it is", "you idot", "Guess I do", "roy", "I'm about to shove", "So far up my ass", "Uht uh, I love Auxi!", "beautiful", "I'm so unique.", "my catchphrase is *unzips dick* and that is what i shall be known for", "ugh", "he got a gub", "c", "I am'nt", "Wot", "my thoughts exactly lol", "or not", "goodnight", "\ud83d\ude04", "life of the party man <:pepehands:737563986584928336>", "Both of you", "pls", "You just made the list, kid", "Get the fuck on with your life", "Chile is slang for \"country in South America\" in Texas", "Y'all big mouths did", "Here, hold this", "but wait", "wanna see them?", "Nah", "LLLLLL", "Magical", "Someone who was very prominent in The TM era", "Fuckin mean", "Joke", "mililagallon", "I'm just now connecting this", "tbh the only thing i would need ableton for is effects and drums", "Well good thing I didn't hack to get abelton", "Welcome to this place where vc is just peeeeeeeeeeeter", "bonk", "yep", "i didnt want to bring it up because i assumed it had been mentioned already", "shes alive", "Idk yet", "Please I beg you", "inexcusable", "Pooooog", "I feel so horrible for not being woodgang", "imagine being trial mod", "a pregnancy test is another one of those examples", "Very cool", "ANYWAY", "Tell em off", "sid and i are soul sisters i would understand why you would think we are one", "hey roy", "when who is sid?", "Gworl", "YOU ARE VIZIL", "You have?", "Just kiddin", "Oh yeah, I'm a big lurker.", "You cant do that", "There was shrek 5 supposed to release last year", "ew cannibals", "doj no youre being canceled", "Ah", "i love you too raiden", "YOU LOVE EVERYONE NOW", ">:((", "i made egg", "I will commit die", "I am a man", "what did i do to this server?", "Nothing roy! Bro", "I'll dm you", "gluttony is normalized and humility is undertaught, return to monke <:sporesonic:681958044367585280>", "I'm about to return to these nuclear launch codes", "whoopsie", "so look it up", "but when i tried vr", "that's great and all, but, who asked <:fullLow:729028897957609473>", "Bruh what is going on now", "Sup", "Cuz like", "im lost", "mine all wrapped up into one", "help me understand", "the name I've heard for it is military time", "jesus im tired", "unless you are sonic", "ok but can we talk about noon and midnight", "this is a measurement of time, so if time is different there it needs another measurement", "no one here is bringing up a good point tbh", "Give me a gun", "Uh... huh...", "idk", "Also the transformer comics are supposed to be really good", "gay robots", "Blender", "yes? i haven't done any nsfw", "hey people", "ah yea", "I\u2019m still waiting for my AT spray bottle to arrive", "I wish I had money :<", "<@351506446271250433>", "I got a gold medal today\ud83d\ude04", "trap nation", "There you go", "i shall correct thy grammar", "christmas music is jazzy", "i got my glasses now", "Damn.", "thank you for specifying lol", "I am.", "pog", "<@!73958666050482176>", "Sempai", "at least you hate roy too", "when the eimpostro suis sus", "gamestop 2", "Zooweemama", "monke", "HE LIKES WEEZER", "Imagine", "So is that a yes?", "lol nerd you like music?", "Boo, generic", "M\u00f5rk", "{0} what kinda cat is that", "It's a one of a kind", "Joe, what's the name of the AT club in Apex?", "i forgot what its called", "personally i hate it", "i think its overrated", "actually nvm", "Come play connect 4 with us, Claude", "oh ill take that as a no", "ion know", "yourmomkulus", "but it likes you", "Yeah, i guess it is.", "THATS ALL YOU HAVE TO SAY?", "Yep", "He ded", "me neither", "hey bot?", "Bro thats a whole ass song", "Yo {0} , eggs or noodles?", "\ud83d\udc40", "its kind of a pain to listen vto sonic sometimes", "best investment ever", "why would you do that", "Wait what", "It really is", "or meassures", "and what size it is", "hey I need help", "with?", "Punch it.", "pr0nhub", "cuntbase", "Audiocum", "interesring", "Yessir", "u right", "ty", "anyone wanna join my collab its open on AT....", "based level up", "real life", "if you are good on it repect", "Play fighting games", "i eat it raw", "slightly seasoned", "why did u do that tho?", "would any of you consider never meant by american football a weed song", "yes sr yes sr", "indeed :)", "and i try my best to get people to like it", "thank*", "hope that's ok", "Had I known this was gonna happen I would've finished it", "TOP writing", "God damn i cant stop pooping today", "because trans rights :3", "<:linus:715411891731693669> shut up jizil", "how fast can you expect with that type of game", "{0} oh", "like 2 buck", "https://cdn.discordapp.com/attachments/344959314953371649/809548485619744858/Snapchat-20353107592.jpg", "it's practically the size of text", "i kinda wanna how to apply for trial mod", "Omf", "<:fullHigh:729029046444359692> <:fullHigh:729029046444359692> <:fullHigh:729029046444359692>", "And you wanna be a mod <:wheeze:794023064170004500>", "{0} we just talkin", "all, but my primary is riddim", "I'm mostly pointing at the fact that I got 2.1/2.1 GB's", "nephew", "Hhhdunocantremember", "Put it down", "Fuck those lemon cookies", "nah", "vanilla cookies is great", "some just think it's the bland one for boring people", "STFU", "hey buddy", "I stg poptarts like dont expire", "Gib me ideas to draw :>", "So I can learn from them", "<:bigsure:721437137240719482>", "big pike", "ayo boys", "But a bad one", "My guy. I've been shaving for over a year", "3", "Mood", "YOU'RE AWAKE", "It's becoming more self efficient", "Geez ur grammar sucks", "if you don't put straight up peanuts + berries on bread then it's not a real pbj", "it's like some king pin with a shitton of chains is screaming at me about fortnite", "im glad someone else thought something similar", "{0} HEY SID", "I love how it took milliseconds for alex and rey to gay react sonic's announcement", "i was talking to the science guy", "squid", "mostly everyone does tbh", "Cum factory", "Flavored Cum", "You can cumment though", "https://cdn.discordapp.com/attachments/344959314953371649/809932837226414140/unknown.png", "Time to torture my phone by opening drafts", "I want some on my burger <:fullHigh:729029046444359692>", "https://cdn.discordapp.com/attachments/344959314953371649/809937472867401819/unknown.png", "Thats so many tags", ">:o", "Cum", "I had to take down a track because of contract. Would have been better to just have it hidden in the first place", "My tracks will never be finished", "I mean, doing nothing is incredibly easy fred", "yeah u are old", "link your house music?", "Tower https://cdn.discordapp.com/attachments/344959314953371649/809950518087909406/640.png", "which is fine if that's what you're going for", "bump and lo-fi artists be like \"speed is good\"", "tiny ones yeah but what about long notes", "I just use 1/16 often", "Spin back makes me Makes me wanna", "That's a solid flex ngl", "yeah okay I did a quick look over, 80-110 is typically ambient-adjacent stuff, 120-130 is edm/techno/house, 135-145 is dubstep/two step rhythmic music, and 154-190 is dnb stuff", "this is true", "and the slower ones seem warmer", "and I like that", "big notch at 5K", "the soundtrack to ohio is silent", "four if things get ugly", "Water instead of milk <:wheeze:794023064170004500>", "Oops! All semen!", "I eat **CUM** as a snack", "how do u know?", "I deleted them faster", "when a bot commits Nagasaki 2", "i prefer cum", "Oh my", "The bot understands", "<a:aPeaceOut:604719910085459989>", "hol on", "Lmaooo", "BRUH", "ive seen transformers 6", "I'd give oceans as a movie franchise lower than that because 12 and 13 are awful", "{0} Like i 100% believe the writers were on drugs", "well shit, literally", "Flatbread", "most of their subs are kinda ass but there's a few decent ones", "Clu?", "ah yes clu", "same ^^", "kewpee is making my brain go to pewee herman", "but seriously tho my music not like that", "it's not supposed to be slimy at all", "lo mein is a staple", "oh hey nico", "That shit sounds fire", "helth", "swole ant", "What if I growled in vc?", "i aint remastering shit", "It doesn't have to be good lmaookk", "dude my production is just absolute confusion, paranoia and 2% actual music", "10:07", "fro g", "play the fucking shit i sent you", "i better get some sort of fucking reward for this complete shit", "the best way to describe C3's voice is: raspy and waxy at the same time", "i just realized i was challenged by a femboy to do this shit", "remaster the track", "dj khalid west", "guess who's charting???", "it has to happen this year first", "how come it seems like the bigger servers are the only ones that ever have outages?", "<a:modCheck:795501299642531860> astolfo", "prolly sum I said", "anyway, whatever track u wanted to leave crit on pls do man", "also jaaydn i unmuted u as well", "I haven't even touched ambient because it seems like it would be difficult to get right", "pretty mid-difficulty tbh", "lofi house errr", "tbh it was simple? but it depends on what type of balance between the 2 genres ur going for", "maybe some more downtempo stuff might be easy because theres no uniform rhythm", "i mean ye", "i think people who love footwork like me won't argue with that", "i mean yeah but taht isn't the point i was trying to make", "swaaag", "whats the most default genre? (a genre that anyone would start out with)", "yo speaking of sound collage, has anyone heard of DJ Purple Image? good shit", "Its in the fuck", "I'm going to visor you in a ec", "bbtw", "yah", "i just don't want to listen to the same generic future bass/trap/dubstep stuff again <:empty:748051613612114020>", "potasmic has done a bunch of more classical-ish stuff as well", "It's really not easy to make it sound right programmatically", "vagus", "im worried", "I have weird shit saved at dps", "unless its required or sum", "im so afraid of this shit crashing", "this is why i was in a channel alone lmao", "who does that", "time to ascend", "isn't being alive enough?", "yes you are", "yeah i agree it is a p silly name", "i mean two sock on each foot", "NICO IS COOL BYE", "but anyway", "i meant transgender", "<:kawaiihehe:778350162003099659>", "also", "You literally suck ass for breakfast you dumb lizardperson go eat a fuck", "anyways, thisll probably be the last you guys hear from me for a little whils, wish me luck on my move. Love you all \ud83d\udc9c\ud83d\udc9c", "shut up bot", "That's what happens when you push everyone away, bot", "you fix it by closing the game and opening titanfall 2", "{0} Im playing some of your music for the festival \ud83d\ude42", "I had to get tf outta there", "mines a irl name", "but yeah its basically just a aimless podcast ting", "or funny", "Obviously you bare the consequences if it's like a really shit podcast lol", "Or dumb luck", "I would", "im being serious. its not worth it lmao", "Podcast but it's about shit topics no one cares about", "nobody wants to listen to someone talking into an earbud mic", "I'm honestly angry that everywhere else in the US **EXCEPT** for where I am is getting lots of snow", "it makes sense to me and i say it out loud a lot but it looks strange in writing", "oof man.", "i can link it if u wanna hear", "i go on your AT page every now and then to relive when you first joined", "hey novah<a:peepoHey:760651667552206889>", "How is that rude? I was just answering your question, dude.", "It holds a conversation better than most of y'all combined", "and have ***diabetes***", "most of the time i spend is figuring out a melody", "Not anymore bye", "september", "mayb a combination of both", "honestly if you ask me, it's a hard race between a, e and I", "C I P E", "POV the sub bass was at a perfectly adequate volume, but somebody seems to think otherwise...", "your huge now", "I'm a big fan of chai as well", "no you didn't", "ultimate", "he was on genius abt it", "yea multiple", "I'm safe", "mk", "fine i will", "fnaf sucks", "stfu jordan", "someone had to say it tbf", "only u mf", "dick", "\"\"\"he seems cool\"\"\"", "Let's do this", "omg the animation is so slick", "i hate it", "Rate these", "he got the whole stack", "<:superwheeze:464314501156700162>", "dm then", "Fuck off lol my fan stopped working", "yEs fan lighting", "bruh id perfer you take your photos outside", "Lemi inspect this man's collection <:blurryeyes:752932855566303252>", "The lighting is shit", "Pog", "I mean I have only like 10 kek", "Display must be dirt free", "<:KEK:612252478464852010>", "true true", "First person who finds the dildo wins", "They exist in the realm called outside", "Fuck it have some ink only art", "bruh no joke i dead ass thought that was a subway sandwich", "Time to go sneaky sneak in that bastards room >:]]]", "Do you have any g1 figures", "Lol", "i wanna make music like him but on audio tool", "Oh shit acid storm", "Unless you're thinking of the new series", "Also fuck why'd it send the image again", "What the bot said", "Egg", "Well the head", "bo b", "me", "what is that??", "But his parts aren't in my room", "It's alr tbh not my worst", "Speaking ofb", "wh", "That's two down https://cdn.discordapp.com/attachments/344959314953371649/813236058711523368/20210221_202933.jpg", "torso", "2 in a jar", "Yeah i have the limited edition zombie peter rabbit movie version amiibo", "Funko pop", "i thought so", "i made a thing out of a lego creator set", "Along with a very shitly made grenade belt", "Aye yo", "air beef", "fire beef", "what happened?", "Who knows", "<:brownONE:798434398390321154>", "<a:rgb_roach:726504416286343320>", "<a:HUMPERS:758258848552189953>", "Misses pissy", "tennennenenenenneeseesesesesee", "YOU SHALL NOT", "In body yes Not in mind", "Don't check the funny ;)", "\u2764\ufe0f", "I haven't said a sexual innuendo \ud83d\ude26 I was just calling out people who were doing it", "where is it", "Zerod dating game", "Freguently", "people find it lazy and stealing", "too little", "AHAHa", "it stands for never play alone", "close <:happymorning:782497483070111784>", "Depends", "what kinda yogurt is it", "but I mean it's a nice store", "It shouldn't. It really shouldn't.", "is it better or worse than us", "Conner, you're like lead when he plays", "We gotta do stickfight with lead and conner sometime {0}", "I'll back you up sid", "Oh hi Mrs. Lole", "oh yess!", "Internally? All new. Externally? You shouldn't hear a difference.", "No, it's a basic function to me \ud83d\ude09", "i actually have macros for the 200 most common words", "nah not at all", "And the internet must be right.", "https://xkcd.com/386/", "https://www.youtube.com/watch?v=DuDX6wNfjqc", "Youtube says: \"When you check Wikipedia and it says \u00ab Daft Punk was a French electronic music duo \u00bb \ud83d\ude2d\ud83d\ude2d\ud83d\ude2d Will be remembered\" Damn \ud83d\ude26", "The smart kid's homework", "B", "I was saying hunterxhunter is great and if you haven't watched it you should", "I GUESSED IT", "why", "Fuck this, I graduated", "Xenomorph?", "who asked", "vizil i kno that playlist! good stuff", "weirdoes like that", "Ew", "gimme ALL yo shit", "bl ac k", "<:peepoGun:526260885518417961>", "<:ASmonkagun:580792836329308186>", "oops", "let me post something in here", "THATS THAT GOOD SHIT", "Fuck I don't have any emotes", "4", "hell no", "bruh just take the mario coin", "https://cdn.discordapp.com/attachments/344959314953371649/813609370231373854/image0.jpg", "https://cdn.discordapp.com/attachments/344959314953371649/813610657274396682/20210222_211809.jpg", "AnYwAys", "bic", "idot", "Plus transformers are very geometric", "Wtf lmao", "For instance", "i'm dumb", "Honestly all you see for me is fucking power tos", "Tooools", "I'm pretty sure that women are NOT vintage fans", "https://cdn.discordapp.com/attachments/344959314953371649/813624909330120724/410DdRwiH0L.png", "My name is prolly the least creative", "no mine is", "I mean honestly it wasnt anything about them", "asjdk", "You listened to Om by John Coltrane, you know that", "ty matching with my s/o", "Ummm- true", "i would not be in gaming tho", "And it's 1 synth", "mine are medium", "i think sila's had bigger ones too", "my output displeased him", "ah yes we'll all be interested just not now", "https://youtu.be/wieStI7kN-I", "ur dad <:fullHigh:729029046444359692>", "yeah, server connection problems", "Good thing it's not Monday", "Blasphemy", "I hate pencils", "||maybe||", "on AT", "but AT is a bitch rn", "yeah its down", "why is the bot so self aware", "how did the bot know?", "It's because of you", "twha", "same man", "my bookmarks are cursed", "***fucking new ports***", "oof yeah", "I'm not entirely sure how i found this emote", "I need a website where I can mess around with synths", "general 1 gang", "me and the big brain bois tryna get hired by audiotool so we can add devices no one will use", "pfft", "only when i\u2019m hungry", "but mobile studio", "that sounds lovely", "that carpet looks nice", "just spray pain them black or something", "lmaoo", "the stool is a drum", "i used to be in a really big room and transitioning to the one i have, which is a lot smaller, made me have to put random stuff everywhere", "nico how do u carry that huge ass keyboard?", "traps sound really well", "haven\u2019t been in one", "im sure pawn shops are great", "I remember pawn shops having a nes", "but ill buy it ,x,", "i got a broken tape recorder at a thrift store for $3 and i used it for a lot of cool effects", "hand me down eggs", "human eggs", "hegg", "legg", "the one with yellow is a special way of making eggs where you have to crack the egg right in order for the yolk to spill and not the rest of the egg", "stop", "ok thus egg looks like a fetus", "<:eggfull:755815388733898772>", "no thats its knees", "That shouldn't have been as good as it was", "eggcraft", "twsited egg", "beauty and the egg", "leah", "world war egg", "EGGA", "best", "samegg", "captain falegg", "greg the egg", "big egg 6", "YES", "scrooge mcegg", "we dont egg", "egg films", "me when egg", "hehe :)", "Zeregg?", "egg penis", "one last egg \ud83e\udd5a", "no more eggs", "<:stare:746222301372088362>", "That got me, I hate you", "when 5'5", "im 5'5 so like yeah", "God damn", "bot", "6\"4", "HIP you dumbfuck", "I'm sorry to hear that", "Faker", "<:sporesonic:681958044367585280>", "One that I forgot to list in staff rules", "muck", "frog", "Im going to rob zerod", "mobile typing is aids", "and Take his computer", "typing fast and accurate", "I can say it in 5 seconds", "oh really? thanks for telling me about the status of Audiotool currently!", "L", "pause", "man cooks stakes off the engine", "coming to lift your cars away from u <:fullHigh:729029046444359692> https://cdn.discordapp.com/attachments/344959314953371649/813850086249332788/mid-electric-hero.png", "nah those have a third gear", "my forklift knowledge is beyond what you should know about me", "2v2", "I played BFG Division while going up the boom lift", "While Gordon just shreds", "https://store.steampowered.com/app/939450/Forklift_Simulator_2019/", "that would kill me", "interesting", "yall probably like mountain dew or some dumb shit like that", "nah bro", "ginger beer best beverage", "some of y'all aint even had chicken and waffles and it shows", "try honey with pancakes", "buttered toast tho", "you spread some marmite on the toast before putting the cheese on", "tesco is kinda shit though anyways", "kroger holy shit", "but like HED", "yee, been there once", "u are missing out", "bougie walmart <:kekw:798212653130317856>", "have you ever been to sainsburys and seen the same fiat 500 park across the street every fucking time. this cunt doesnt move his car at all", "if you look the script isn't even working", "***huggie Mr. C***", "idk what you're talking about", "yes R.predator", "hes hiding something either way", "woe", "stopid", "\ud83d\udd76\ufe0f \ud83d\udd76\ufe0f A \ud83d\udd76\ufe0f A:dark_shades:", "BWAhAhAh", "That was not funny <:stare:746222301372088362>", "sorry i ran out of \ud83c\uddeas", "hav fun <3", "oh so your not gonna use one of the most used vowels in the English language", "no you", "yup", "hmmm ... we have stability problems since 2 days which seem to be related with big follower/followee counts.", "sorry everyone", "https://tenor.com/view/coincidence-i-think-not-coincidence-i-think-not-the-incredibles-gif-5096707", "maybe it was intentional <:smugthink:464296723964231681>", "{0} What happens after reaching 5000 follows? Do you receive an error message? If the follow-Link disabled?", "CHRISTIANITY", "its time to know about the followerlist", "does that count?", "im a wannabe me", "idk you so i have no idea", "why are lead and 1trillionmph following me", "hmmm wym preferred", "Not really in our day and age.", "Jordann that isnt the issue. some people ahve that prefrence, but that isnt the main issue. Id have to ask mods for specifics though.", "i've been wanting to watch wandavision", "ai watched liike an episode and", "compared to the potential age of ultron had i'd say it was more of a disappointment", "so I'm pumped !!", "Marvel talk", "I just can't wait for Billy and Hulking to grow up so I can have a ship\ud83e\udd7a\u203c", "I mean, if he can act then he can act", "<:ohgodwhy:808741864806416444>", "when i see mummy", "Metaroom good", "Stay Healthy And Safe!! or else...<:empty:748051613612114020>", "anagrams go brrr", "Shut up. I know what you did. Yeah, you! You thought I wouldn't know, huh. You better be scared <:empty:748051613612114020>", "googie time", "||<:empty:748051613612114020> I'm watching you <:empty:748051613612114020>||", "ther eis better surreal comedy but valid reason", "p0;..", "Mouse \ud83d\ude0e", "can't get caught stealing three chords ffs", "Honestly I used some of vizils chords to make weird shit and no one ever noticed", "You mean mic?", "What does this mean", "can I get 2 number nines extra wine doing fine what", "Just fucking pocket lent and change lol", "that\u2019s okay, makes me sad but anyway Dapper mate, they can tell from satellites away Glad you face your feels, i can\u2019t not be real You the type of dude to give it straight and mad real", "Pengies", "<:pepewrite:750120178012127243>", "you first", "How does one do it", "cool", "none of them bot", "Shart type beat", "When it tears your anus", "NAH", "WHAT THE", "DELEEEEEEEETE", "https://cdn.discordapp.com/attachments/344959314953371649/815063197764681798/Anderson_.Paak_-_Make_It_Better_Instrumental.mp3", "You chug it as soon as you drop it in", "so dont do it", "jack fire + coke >", "teenage years is literally when all the crazy stuff is done", "lol yeah i remember that", "you were born.", "and its horrifying", "idk i don\u2019t think it was terribly interesting", "thats what im most curious about", "what is this", "pooop", "Pokemon breath of the wild :)", "I'm not mad about that one I just don't care that much about it", "Oh hi Perd", "maybe", "yeah ik", "lmfao", "snitches get stitches <:stare:746222301372088362>", "Image search is a thing", "if you like this youd probably like J.I.D", "It was literally just a question, chief", "anyway great 2 songs of my life", "Who's gonna be the new actor tho", "It just wouldn't work-", "but people", "vmmvmvmvvm", "that\u2019s all you gotta know", "I seriously fucking hate it", "They did her dirty", "as long as they do it right i wont mind", "cars 2 was a pure wtf", "IT TAUGHT ME THAT U DONT NEED A PURPOSE EVEN IF SOCIETH BRAINWASHES U TO THINK U DO. JUST NEED TO LIVE", "Or a movie **afternoon**", "It's really good", "It was just the villain", "Dumbass", "I know my dad rock <:stare:746222301372088362>", "{0} please stop being disruptive, this is the second time", "Anyways, I'm going to read comics! Bye!", "wait no, im wrong, she was born in the 70's", "new orleans best music", "Sounds complicated to cook", "skittles", "yay joe!", "to be fair i wear the same 3 things all the time and when its winter i have this one ugly winter jacket that i wear over these 3 things", "In other news this burger king burger is way too big but so tasty \ud83d\ude26", "Huh you rite", "can confirm, it's difficult to run out of possibilities in a game like minecraft", "Where's my gun \ud83e\udd14", "*c l e a n*", "sim is like smart and shit", "yeah my bday is march 27", "**but everyones smart <:happymorning:782497483070111784> **", "i'm a family man at heart and the older i get, the more i feel it taking over, but kids at any age below like 30 is bonkers to me", "imagine just being a brain", "tbf", "gahdam", "6' 3\" over here", "or wear a lot of socks", "i just killed the chat with a shitty joke", "oh he looks", "yet*", "terrible", "ma dog in ma room just growlin", "i need to eat 4 more oranges first", "yeah it should be spelled auronj", "maybe your own blood just doesn\u2019t taste as good", "disgusting", "im kidding im kidding", "i remember haviong one of my recurring nightmares, going to my mothers room and her comforting me when i was 5, when i was lying next to her, i remember her face morphing and understanding that my mind was trying to fill in the detail from memory of how my moms face was supposed to look, but because it was dark, her face was distorted and it kept me from sleeping for the next 3 days. kept up by the way it shifted and almost melted", "but the thing is, in retrospect, knowing how much healing music has helped me heal, i can only imagine how much better off she'd be had i not snuffed her passion", "so i guess between the two of us we\u2019re in agreement", "and forcing them to play among us and jackbox together", "i mean its your life", "all this is to say i do believe we are essentially living in a posthumanist society", "I mean it wasn\u2019t scurvy, BUT an excuse to eat more oranges is fine with me", "Ye I know someone who had surgery such that his skin ended up somewhere inside", "the inside of my arm feels like pulsing meat for fuck's sake", "Mine feels like magnets", "mine is pain", "Make a bookmark", "I use it for live drafts and when a draft is being a bitch tho it's 50/50 when it comes to bitchy drafts", "ok im downloading the mix, putting it in audacity, chopping it into 30 sec clips and uploading those", "Or is it in the studio only", "So hyped!", "lhk is", "this is also a very difficult thing to implement and would take a lot of time and effort that would be better spent elsewhere", "Oh \ud83e\udd72", "but i also want a part of the charm of AT", "that's a new thing i like about at", "People like music and how it sounds for different reasons.", "Nah, I fucking hate you sonic", "suck a cock", "Oop", "What if you had to be on site for more than 2 weeks to create live collabs", "*disapears*", "I meant you {0}", "Ouch", "It looks like one", "well that's okay, let's just get back to the topic of ||YOUR MOM||", "i have some advice to give", "and also", "track covers are such a slept on part of peoples' pages from what I've seen", "its about time i care about my presence", "roy..... why are you listening to 100 gecs", "beat that agme", "Speaking of beating games I've finally finished stage one of blank Stages 2-10 are in progress", "a tokyo night when you feel alright?", "about a secret society", "They're all pretty hard to follow lmao", "Oh interesting what\u2019s in the <#683887104576848011> . Is there a post somewhere I missed?", "Oh nice nice", "I think im turning into furry", "I guess u can say that", "not anymor", "bad botmin", "abuse of power if i recall correctly", "also randomly pings users and rerails the topic", "he wants to take a break from the server", "kibbey has a onlyfans", "LMFAO", "cuz shit feels gud", "based", "https://cdn.discordapp.com/attachments/344959314953371649/816099155377258517/Screenshot_128.png", "indigo girls", "spotify knows what I like", "And make. _you._ **want.** ***me.***", "be my friend", "Who ghostwritten for ol dirt bastard?", "fuck", "im sure yeah", "i haven\u2019t finished it yet", "i was rly enjoying what i heard so far", "but then left", "like i was cool at 2", "im scared. its almost kicked people before.", "i know it has perms", "like bruh", "spotify is also shitty but in a different way", "Not sure I follow", "almost as strange of a hobby as making music", "stonks", "it takes me weeks to finish things, even when I'm working on it most days", "I wonder where's this convo is heading towards to?", "all", "that\u2019s very nice of you roy", "oniontool", "i want to collab with everyone", "sent at 9:13 pm lmao", "leaheh", "Leag", "It is now <:fullMed:729029009459118081>", "Infy is like famous on AT", "i\u2019m going to miss my puppy", "F", "i think ive been unrealizing some things", "\ud83d\ude14", "Oof", "<:fullMed:729029009459118081>", "I think i did that", "caffeine", "this headache is killing me", "what shit", "Did you try Portal Stories:Mel? (in non-story mode)", "https://cdn.discordapp.com/attachments/344959314953371649/816430931954499624/levelup.png", "He looks so genuine", "minecraft doesnt have wallbangs", "bruh apex is *50 fucking gigabytes???*", "that's the dream", "\ud83d\udd2a \ud83d\udd90\ufe0f", "Im addicted to heorin", "i need help with music production... where do I chat about that?", "checked a few sites and tested it; boom, down", "u should", "sim", "time to make something", "not off that but other shit lol", "it was literally just a paragraph and it took me 2 hours but I think it's really fucking good now", "Lads let\u2019s play a word association game", "that's crazy", "i'm happy", "what the fuck", "its a rule on this server that nsfw isn't allowed", "<:fullLow:729028897957609473>", "Speaking of which", "I eating penis", "if i didn't wanna know i wouldn't ask", "anyways", ">:(", "Yesterday", "holup tho", "90's rap <:empty:748051613612114020>", "ye i do that occasionally", "stfu lmfao", "sarcasm", "Literally my sarcasm is taken srsly all the time", "for yeah duh", "<:soniShrug:600816938255515668>", "You can go home now", "Something something then I punched it in its face", "I keep seeing them everywhere", "Nah we ascended", "whats is even the meaning of hentai at this point", "tiddies", "<:noir:687478167132569725>", "<:uhh:704219920531062794>", "roy stay on topic", "in the form of cheap frosted tarts", "i ran away from the group project to come here and this is how you treat me", "amomgus", "<:nani:656751861914664960>", "I refuse", "\ud83d\ude94", "I DID", "turn her into cake", "Revenge is a dish best served cold", "because i had seen these movies", "Did he stutter?", "<:pepelaugh:737564594188451841>", "<:twConcernFroge:602292395677057039>", "Y'all really dunking in these artists works", "it's not a *thing*", "hi out", "ok thats a bit to much", "nsfw", "let me show u something", "goals", "neat", "By W.H.O?", "it's the beard and balding hair <:pepehands:737563986584928336>", "wow the waveform looks how I wanted it to", "nice little bonus", "One is real, other is A.I., yes I remember", "No", "it's nightmarish", "honestly", "thats like 5 minutes", "im been waiting", "uhh", "Yep.", "lo-fi without the lo", "shutup syn you're old", "<:at_heisenberg:713165975624613979> <:at_tube:713165975285006338> <:at_phaser:713174658349924352> <:at_curve:713174657666383924> <:at_quantum:713174659658678332> <:at_quantum:713174659658678332> <:at_pulsardelay:713174658337341460> <:at_quantum:713174659658678332> <:at_reverb:713165975704305745> yo i made a dubstep bass", "I need it to shoot you", "A fappy meal?", "I want a crappy meal", "wut", "Ngl", "yea soil milk", "it gets better with time", "OOOO really", "I\u2019m kinda curious", "With my stinky bars", "I mean do you want to join", "this whole muted experience has made me realize how good I am at trap", "I dunno if I prefer them", "And burn the whole house <:fullHigh:729029046444359692>", "why cant i move powerpoint slides with my mind", "for how long you've been up for a while already", "i snorted it once", "i had a spoonful", "Powdered food", "sonic i have a godly joke", "i dont see how giant sans greenscrene was good for general", "\ud83e\udd5a .", "you don't even know how to use a semicolon let's be real", "when you say it like that it sounds like we're dating", "PLATONICALLY", "I WAS WAITING FOR IT AHAHAH", "whats your favorite book", "Stay healthy on sleep", "i never talk about penis", "yall don't have this much money as me", "you deserve it", "*wait a fucking minute*", "ur not even staff", "fortnightly", "new record shortest time as head hod", "My living room does not have a sidewalk unfortunately", "If I don't unlock some sort of special foresight vision after all this pain I'm going to be very disappointed", "I used the couch as an alternative and it's actually working a bit", "2 girls 1 jar", "bruh no", "I see her everywhere", "https://cdn.discordapp.com/attachments/344959314953371649/817495300389863441/image0.png", "yeah I gotta watch that", "shutup roy wtf", "ive heard of toradora", "not show", "quints short for quintessential quintuplets: it's a harem that everybody says is good but it suvks", "even though i never seen one", "maan", "Yes <:fullHigh:729029046444359692>", "heh", "https://www.audiotool.com/track/3npinnepw/ enjoy", "aight lemme know when you finish it", "I want to reach a point where I can never find my way back to the headspace I'm in now", "A homeless person told Joe that once", "no this is a conversation", "not gonna @ the mods cuz they already got pissed ab that but aight", "d", "your music is pain", "Your mother", "*conversations. fuck", "Hope only brings suffering", "Jus lik y mo", "day", "so back off", "and i go by different names", "wh<:oniontool:569555272683618307>t", "Anyways, _why_ is this an issue again?", "i was joking", "i think i've been saying sim this whole time", "That's it I'm done", "I fucking hate this, where can i get one", "I would use it", "<:pepegun:737571357541269566> JUST FUCKING EAT YOUR FUCKING FOOD WITH IT!!!", "Even if it's soup", "use two fingers", "cursed cutlery", "old people smh", "i will crack all your brittle little brit bones", "<:energytent:499434652386459649>", "Skye", "we need to start adding tw's for among us", "guys im sorry you have to spoiler your amogus now", "i'm not gon spoil the rest", "anyway", "shouldn't take you too long", "It\u2019s helping", "Ight here https://cdn.discordapp.com/attachments/344959314953371649/817779355585478656/1-1.png", "Get that mf bruise", "me too a bit", "set up a poster in myroom", "i'm gonna kill him", "imma just pretend i didn't see that", "Ignorance is bliss", "Because he was funnier than yo mom<:fullLow:729028897957609473>", "because we did in the past", "expiration dates are BS", "Better be <:empty:748051613612114020> /10", "<:grabL:755150970912243853>\ud83c\udf7f<:grabR:755150025717186630>", "welp", "The fuck happened", "I KILLED IT", "no more mosquito", "ooga", "Noir", "***yet***", "nah its good for me", "let's gooooooo", "Hi hi", "you make it sound annoyingly suggestive", "And they have to play all three of the game", "yeah it does that", "\u2022-\u25cb", "<:tankmorning:631542323532005422>", "I don\u2019t", "Powder is life", "FUCK YEAH", "animals eat powder because they lack the anatomy or brain power to mix it the intended way", "Omg", "oof alright", "just gonna do my thing", "<:pausechamp:786812056560467979>", "\u0d9e", "Even tho it's me", "god", "even after looking at my face", "\ud83e\udd37\u200d\u2640\ufe0f", "you don't want ANY of this", "if you wake up at 10am you woke up at 10am midnight", "that was a question?", "<:grabL:755150970912243853> <:eyes2:696820995381526668> <:grabR:755150025717186630>", "<:happymorning:782497483070111784> <:happymorning:782497483070111784> <:happymorning:782497483070111784>", "https://cdn.discordapp.com/attachments/788593103840870431/818751737132482570/unknown.png", "guru moment <:epic:499064563631783936>", "<:happymorning:782497483070111784> smile thru the pain", "It's not??", "no, he blocked me as well", "im jusst thinkin", "yeah you did", "https://tenor.com/view/law-and-order-gif-8344283", "hrmm how long does that usually last", "POG", "it's still lame lol", "wow I'm cool", "b", "i easily have 100+ track, most of them are just hidden", "wtf are those", "How deep are you into beatboxing? Are you to the point of technicality and basses like me", "Same here bro!", "probably yeah", "coffee mug is donut", "is this what normal peoples' gaming experiences are like", "What the fuck man", "look alex I never said I liked Michael Bay I just wanted Jordan to ping you saying.", "this", "what a fucking banger", "I'm dreading this, what's she gonna send", "ok so we can throw out the whole country", "Everybody who hates spaghetti and ketchup say \"no\" rn", "I mean spaghetti and ketchup is fine", "<:kekwait:813301938702778398>", "<:spraybottle:693561187043901471>", "Oh my GOD", "Hyaaakk", "You're unbearable", "Saddest kick of the server", "water not from the tap", "happens most of the time to anyone tbh", "Nani", "I wonder if people think the propensity to like amogus memes correlated with age", "im trying to hack it", "YEAH", "another contrarian <:kekw:798212653130317856>", "Fuck it", "good luck being palatable to the average listener", "so thats why vizils music sucks <:superwheeze:464314501156700162>", "it is for me too, i just have a different outlook", "me neither audial", "i wish more AT people put their music on streaming services", "mm good thought", "it's my computer", "omfg", "U a girl now", "Good shit boys", "u got me waiting for nothin", "there's always that one problem", "so what's this about", "https://cdn.discordapp.com/attachments/344959314953371649/821907356669313034/obOwz60.png", "Nice", "sounds about right", "im thinking about lead", "\ud83e\udd71", "stfu", "I hate aluminum cans now", "If theres an apocalypse I am not getting food in cans", "Im just rooting for the little bit of non-canned stuff", "I cut my finger", "Oh yeah", "target is better", "so fucking cheap", "I\u2019m not a criminal I swear, I just like singing song I like", "nah im appreciating the og song", "huh \ud83e\udd37\u200d\u2642\ufe0f", "WHAT", "well it appears i have to attempt making breakcore for the first time", "shut up lead you're a baby", "In this case mobile", "I actually don't care about notifys", "cant load the site", "<:yep:819759159410950154>", "good for them i hope their mommy let's them stay um an extra hour", "whatever song that is", "pingpingipng", "time to ping you <:fullLow:729028897957609473>", "these nuts!", "the ambient part is just the beginning", "how does it feel to have finally made it", "me @ you https://cdn.discordapp.com/attachments/344959314953371649/823434867504054352/grab.png", "egg dungeon", "Other is too broad imo", "Over 3000", "No it\u2019s literally salt water", "I wont drink it all, But ill have a few sips of it.", "are you not supposed to drink the entire thing", "So I found out", "Because it was the kind that tasted really good", "I was like", "every year at my summer camp I would take the mountain biking as one of my elective activities", "so I've licked a saltlick at least 6 times", "I play neither", "it doesnt have to be edm specifically", "still waiting on a few people's answers", "its fun", "they're the second pair ive had of this brand", "Try on your phone instead", "But yeah, uninstall/update drivers And restart", "Lots of restarting and [un] plugging in", "<:poggers:737564001428308038>", "They said \"this said alot about society\" so i had to add to it <:happymorning:782497483070111784>", "I'm tired of among us memes", "which is super fucking crazy but i\u2019m afraid to ask about it", "NO NOT HIM BOT", "lets goooo", "e.e", "dakick", "these memes are getting out of hand", "mans not hot", "bruvv", "oh is this the wrong channel", "or is it just this server", "Post pictures of a nasty rusted gto B)", "now I can show jovee who the real monsters are", "that's not what we see", "maybe ill up it to netherite", "<:poggers:737564001428308038> <:happymorning:782497483070111784> <:fullLow:729028897957609473> <:energytent:499434652386459649> https://cdn.discordapp.com/attachments/344959314953371649/827222446142128158/unknown.png", "NOW", "THIS ISNT FUNNY", "i dont see an announcement for its removal", "i half expected a text from my boss after i woke up saying i missed my morning shift", "you should be, that was a good one", "Ur mom", "OWNED", "your discord is bugging or smth", "HAHAHAH", "I'm excited to be developing a more knee-jerk sense of what feelings different music carries", "im in a constant state of schmovin", "Nruh leads not even a cool book", "honestly i think i've still seen worse and that's pretty bad", "have you seen a middle-aged child? i have", "Pls someone quote THAt", "clean shaven lead", "tech talk was still there a couple hours ago", "they just deleted every channel", "i have not left", "what do you mean", "oldner woMAN?", "sucked too was a server kinda like this one just filled with producers", "that sounds exhausting", "yknow what", "It's always been like this", "is", "How bout you zap deez nuts", "gaming vc vanished", "They be doing an April fools", "AYO", "What the hell", "*cough* *cough*", "I have the evidence client <:fullHigh:729029046444359692> https://cdn.discordapp.com/attachments/344959314953371649/827326194420547604/unknown.png", "oop", "https://cdn.discordapp.com/attachments/344959314953371649/827330229118042132/the_new.mp4", "youre screwed client.", "eat poop green, sonic", "lol is he actually silenced", "He's been freed", "Hey lads", "https://cdn.discordapp.com/attachments/344959314953371649/827335261989503026/Screen_Shot_2020-06-25_at_11.10.01_PM.png", "<#344960356063379466> is clutter too", "bro", "Are you and zowey hitched", "As in in a relationship zowzers", "Chow down on some freshly baked air molecules", "hackerman x2", "\ud83d\ude1f"]}